0;;;ce2lo, chloe42933
1;;;ce2lo, servanebottieau, lisondhrd, paulinelabens, juliette_chaudat, juliettabobo
2;;;lisondhrd, ce2lo, finf_rdsht, fernandplatiau, juliette_chaudat, servannebottieau
3;;;ce2lo, pilou044, victorverdonck, huggeenens, martinlignian
4;;;ce2lo, pilou044, victorverdonck, huggeenens, martinlignian, t.deffr, arnaud_dela
5;;;hlb_paul, ce2lo, finf_rdsht
6;;;lisondhrd, ce2lo, finf_rdsht, hlb_paul, paulinelaebens, celine.albt, juliette_chaudat, servannebottieau
7;;;servannebottieau, ce2lo, lisondhrd, lauredelzenne
8;;;ce2lo, lauredelzenne, zelievg, lisondhrd
9;;;ce2lo, agathe_michel
10;;;ce2lo, agathe_michel
11;;;ce2lo, agathe_michel
12;;;erykgram, ce2lo
13;;;ce2lo, agathe_michel
14;;;agathe_michel, geraglezf, segoo.16
15;;;lustlucie, agathe_michel, ines.alrd_, marte_neuville, lucieletellier, anna.gasparetto, _riccardododavi
16;;;zeliedecubber, heloiserenard, lustlucie, chloe_moulin, clara_deronne, agathe_michel
17;;;zelievg, agathe_michel, lisondhrd, camilasanchezdelphino
18;;;agathe_michel, ce2lo
19;;;zeliedecubber, valentinedancoisne, clara_deronne, zoe.lmbrt12, lisondhrd, lucieletellier, zelievg, leonie_moulin, chloe_moulin, lilin2602, margolitto, camille_willaumez 
20;;;agathe_michel, zelievg, norapoupartt, lisondhrd
21;;;zelievg, agathe_michel
22;;;juliette_chaudat, hugo.philipront, juliettabobo, agathe_michel, lisondhrd, servanebottieau
23;;;ce2lo, agathe_michel
24;;;erykgram, agathe_michel
25;;;clara_deronne, agathe_michel
26;;;zeliedecubber, heloiserenard, lucieletellier, agathe_michel, clara_deronne
27;;;heloiserenard, agathe_michel
28;;;joya.herze, edouard_peten, francoisgillisphotography, antoinegason, vdsjonah, cam_regout, arnaud_devuyssere, nico_vdk, zelievg, agathe_michel
29;;;zeliedecubber, jeannesim0n, zelievg, agathe_michel, zoe.lmbrt12, valentinedancoisne, jade_rotsaert, chloe_moulin
30;;;
