POLAR BEAR: HELD ON THE TIPS OF FINGERS;2004;BABEL;Sebastian Rochford, Pete Wareham, Mark Lockheart, Tom Herbert, Leafcutter John, Jonny Philips, Ingrid Laubrock, Joe Bentley, Emma Smith, Hannah Marshall
THE BAD PLUS: THESE ARE THE VISTAS;2003;COLUMBIA;Ethan Iverson, Reid Anderson, David King
COURTNEY PINE: JOURNEY TO THE URGE WITHIN;1986;ANTILLES;Courtney Pine, Kevin Robinson, Ray Carless, Orphy Robinson, Julian Joseph, Roy Carter, Gary Crosby, Mark Mondesir, Cleveland Watkiss, Susaye Greene
MEDESKI, MARTIN AND WOOD: COMBUSTICATION;1998;BLUE NOTE;John Medeski, Chris Wood, Billy Martin, DJ Logic
WYNTON MARSALIS: BLACK CODES FROM THE UNDERGROUND;1985;COLUMBIA;Wynton Marsalis, Branford Marsalis, Kenny Kirkland, Charnett Moffett,  Jeff Watts
CASSANDRA WILSON: BLUE LIGHT �TIL DAWN;1993;BLUE NOTE;Cassandra Wilson, Charlie Burham, Brandon Ross, Gib Walton, Chris Whitley, Kenny Davis, Lonnie Plaxico, Kevin Johnson, Lance Carter, Cyro Baptista, Bill McClellan
JAN JOHANSSEN: JAZZ PA SVENSKA;1962;MEGAFON;Jan Johansson, Georg Riedel
SARAH VAUGHAN: SARAH VAUGHAN;1954;EMARCY;Sarah Vaughan, Clifford Brown, Herbie Mann, Paul Quinichette, Jimmy Jones, Joe Benjamin, Roy Haynes
MUSIC IMPROVISATION COMPANY: MUSIC IMPROVISATION COMPANY;1970;ECM;Jamie Muir, Hugh Davies, Evan Parker, Derek Bailey, Christine Jeffrey
CHARLIE HADEN: LIBERATION MUSIC ORCHESTRA;1969;IMPULSE!;Charlie Haden, Don Cherry, Michael Mantler, Roswell Rudd, Bob Northern, Howard Johnson, Perry Robinson, Gato Barbieri, Dewey Redman, Sam Brown, Carla Bley, Paul Motian, Andrew Cyrille
JACKIE MCLEAN: LET FREEDOM RING;1962;BLUE NOTE;Jackie McLean, Walter Davis, Herbie Lewis, Billy Higgins
JOE HARRIOTT-JOHN MAYER DOUBLE QUINTET: INDO-JAZZ SUITE;1965;EMI COLUMBIA;Joe Harriott, Kenny Wheeler, Pat Smythe, Coleridge Goode, Allan Ganley, John Mayer, Chris Taylor, Diwan Motihar, Chandrahas Paiganka, Keshan Sathe
DJANGO REINHARDT: R�TROSPECTIVE 1934-53;1953;SAGA;Django Reinhardt, Loulou Gast�, Joseph Reinhardt, Emmanuel V�es, Louis Vola, Coleridge Goode, Hubert Rostaing, Andr� Ekyan, Alix Combelle, Gianni Safrred, Aurelia de Carolis
STEPS AHEAD: STEPS AHEAD;1983;ELEKTRA/MUSICIAN;Michael Brecker, Eliane Elias, Mike Mainieri, Eddie Gomez, Peter Erskine
KRZYSZTOF KOMEDA: ASTIGMATIC;1965;POLSKIE - NAGRANIA MUZA;Krzysztof Komeda, Tomasz Stanko, Zbigniew Namyslowski, Gunter Lenz, Rune Carlsson
ANTHONY BRAXTON: FOR ALTO;1969;DELMARK;Anthony Braxton
DIANA KRALL: LOVE SCENES;1997;IMPULSE!;Diana Krall, Russell Malone, Christian McBride
STEVE COLEMAN AND FIVE ELEMENTS: THE TAO OF MAD PHAT: FRINGE ZONES;1993;RCA/NOVUS;Steve Coleman, Andy Milne, David Gilmore, Reggie Washington, Roy Hargrove, Josh Roseman, Kenny Davis, Junior �Gabu� Wedderburn
EBERHARD WEBER: THE COLOURS OF CHLO�;1973;ECM;Eberhard Weber, Rainer Bruninghaus, Ack van Rooyen, Peter Giger, Ralf H�bner
JOHN SURMAN: TALES OF THE ALGONQUIN;1971;DERAM;John Surman, John Warren, Mike Osborne, Alan Skidmore, Kenny Wheeler, Harry Beckett, John Taylor, Barre Phillips, Harry Miller, Alan Jackson, Stu Martin
OLIVER NELSON: THE BLUES AND THE ABSTRACT TRUTH;1961;IMPULSE!;Oliver Nelson, Freddie Hubbard, Eric Dolphy, George Barrow, Bill Evans, Paul Chambers, Roy Haynes
BETTY CARTER: THE AUDIENCE WITH BETTY CARTER;1979;BETCAR;Betty Carter, John Hicks, Curtis Lundy, Kenny Washington
ART TATUM: THE GENIUS OF ART TATUM NO.1;1953;CLEF 1953;Art Tatum
CHARLES LLOYD: DREAM WEAVER;1966;ATLANTIC;Charles Lloyd, Keith Jarrett, Cecil McBee, Jack DeJohnette
OSCAR PETERSON: NIGHT TRAIN;1962;VERVE;Oscar Peterson, Ray Brown, Ed Thigpen
HERBIE HANCOCK: THE NEW STANDARD;1996;VERVE;Herbie Hancock, Michael Brecker, John Scofield, Dave Holland, Jack DeJohnette, Don Alias
ROLAND KIRK: RIP, RIG & PANIC;1965;LIMELIGHT;Roland Kirk, Jaki Byard, Richard Davis, Elvin Jones
THELONIOUS MONK: THE GENIUS OF MODERN MUSIC, VOL. 1;1947;BLUE NOTE;Thelonious Monk, Idrees Sulieman, George Taitt, Danny Quebec West, Sahib Shihab, Billy Smith, Gene Ramey, Bob Paige, Art Blakey
WAYNE SHORTER: SPEAK NO EVIL;1964;BLUE NOTE;Wayne Shorter, Freddie Hubbard, Herbie Hancock, Ron Carter, Elvin Jones
DOLLAR BRAND (ABDULLAH IBRAHIM): AFRICAN MARKETPLACE;1980;ELEKTRA/MUSICIAN;Dollar Brand, Gary Chandler, Malindi Blyth Mbityana, Craig Harris, Carlos Ward, Jeff Jaywarrah King, Dwayne Armstrong, Kenny Rogers, Lawrence Lucie, Cecil McBee, Miguel Pomier, Andre Strobert
STAN TRACEY: JAZZ SUITE INSPIRED BY DYLAN THOMAS� UNDER MILK WOOD;1965;EMI/COLUMBIA;Stan Tracey, Bobby Wellins, Jeff Clyne, Jackie Dougan
ESBJ�RN SVENSSON TRIO: FROM GAGARIN�S POINT OF VIEW;1999;ACT;Esbj�rn Svensson, Dan Berglund, Magnus �str�m
JOHN HANDY: LIVE AT MONTEREY JAZZ FESTIVAL;1965;COLUMBIA;John Handy, Mike White, Jerry Hahn, Don Thompson, Terry Clarke
GIL EVANS: THE INDIVIDUALISM OF GIL EVANS;1964;VERVE;Gil Evans, Johnny Coles, Ernie Royal, Thad Jones, Bernie Glow, Frank Rehak, Jimmy Cleveland, Julius Watkins, Bob Northern, Bill Barber, Steve Lacy, Eric Dolphy, Wayne Shorter, Garvin Bushell, Jerome Richardson, Kenny Burrell, Milt Hinton, Paul Chambers, Gary Peacock, Ron Carter, Elvin Jones
GERRY MULLIGAN: GERRY MULLIGAN QUARTET;1952;PACIFIC JAZZ;Gerry Milligan, Chet Baker, Bobby Whitlock, Chico Hamilton
BRAD MEHLDAU: ART OF THE TRIO VOL.3;1998;WARNER;Brad Mehldau, Larry Grenadier, Jorge Rossy
ARCHIE SHEPP: FOUR FOR TRANE;1964;IMPULSE!;Archie Shepp, Alan Shorter, Roswell Rudd, John Tchicai, Reggie Workman, Charles Moffett
COUNT BASIE: THE ATOMIC MR BASIE;1957;ROULETTE;Count Basie, Thad Jones, Joe Newman, Wendell Culley, Snooky Young, Benny Powell, Henry Coker, Al Grey, Marshall Royal, Frank Wess, Frank Foster, Eddie �Lockjaw� Davis, Charlie Fowlkes, Freddie Green, Eddie Jones, Sonny Payne, Neal Hefti
MILES DAVIS: BIRTH OF THE COOL;1950;CAPITOL;Miles Davis, Lee Konitz, Gerry Mulligan, JJ Johnson, Kai Winding, Junior Collins, Gunther Schuller, Sandy Siegelstein, Billy Barber, John Barber, Nelson Boyd, Joe Shulman, Al McKibbon, Al Haig, John Lewis, Kenny Clarke,  Max Roach, Gil Evans, Johnny Carisi, Kenny Hagood
PETER BR�TZMANN OCTET: MACHINE GUN;1968;FMP;Peter Br�tzmann, Evan Parker, Willem Breuker, Fred Van Hove, Peter Kowald, Buschi Niebergall, Han Bennink, Sven Johansson
COLEMAN HAWKINS: BODY AND SOUL;1956;RCA BLUEBIRD;Coleman Hawkins
CLIFFORD BROWN/MAX ROACH QUINTET: CLIFFORD BROWN AND MAX ROACH;1954;EMARCY;Clifford Brown, Harold Land, Richie Powell, George Morrow, Max Roach
HORACE SILVER: SONG FOR MY FATHER;1964;BLUE NOTE;Horace Silver, Blue Mitchell, Carmell Jones, Junior Cook, Joe Henderson, Gene Taylor, Teddy Smith, Roy Brooks, Roger Humphries
ART ENSEMBLE OF CHICAGO: A JACKSON IN YOUR HOUSE;1969;BYG/ACTUEL;Lester Bowie, Roscoe Mitchell, Joseph Jarman, Malachi Favors
JOHN COLTRANE: ASCENSION;1965;IMPULSE!;John Coltrane, Freddie Hubbard, Dewey Johnson, John Tchicai, Marion Brown, Archie Shepp, Pharoah Sanders, McCoy Tyner, Jimmy Garrison, Elvin Jones
LESTER YOUNG: LESTER YOUNG/BUDDY RICH TRIO;1946;VERVE;Lester Young, Nat King Cole, Buddy Rich
PHAROAH SANDERS: KARMA;1969;IMPULSE!;Pharoah Sanders, Leon Thomas, James Spaulding, Julius Watkins, Lonnie Liston Smith, Richard Davis, Reggie Workman, Ron Carter, Freddie Waits, William Hart, Nathaniel Betis
JOHN MCLAUGHLIN: EXTRAPOLATION;1969;MARMALADE;John McLaughlin, John Surman, Brian Odges, Tony Oxley
JOHN ZORN: NAKED CITY;1989;ELEKTRA/NONESUCH;John Zorn, Bill Frisell, Wayne Horvitz, Fred Frith, Joey Baron
LENNIE TRISTANO: TRISTANO;1955;ATLANTIC;Lennie Tristano, Lee Konitz, Peter Ind, Gene Ramey, Jeff Morton, Art Taylor
DIZZY GILLESPIE: SHAW �NUFF;1946;MUSICRAFT;Dizzy Gillespie, Charlie Parker, Sonny Stitt, Dexter Gordon, Clyde Hart, John Lewis, Frank Paparelli, Milt Jackson, Chuck Wayne, Ray Brown, Curly Russell, Slam Stewart, Sid Catlett, Kenny Clarke, Cozy Cole, Shelly Manne, Sarah Vaughan
SUN RA: THE HELIOCENTRIC WORLDS OF SUN RA VOLUME 1;1965;ESP-DISK;Sun Ra, Chris Capers, Teddy Nance, Bernard Pettaway, Danny Davis, Marshall Allen, Robert Cummings, John Gilmore, Pat Patrick, Ronnie Boykins, Jimhmi Johnson
SONNY ROLLINS: THE BRIDGE;1962;RCA VICTOR;Sonny Rollins, Jim Hall, Bob Cranshaw, Ben Riley, Harry Saunders
ANDREW HILL: POINT OF DEPARTURE;1964;BLUE NOTE;Andrew Hill, Kenny Dorham, Eric Dolphy, Joe Henderson, Richard Davis, Tony Williams
JOHN COLTRANE: IMPRESSIONS;1963;IMPULSE!;John Coltrane, Eric Dolphy, McCoy Tyner, Reggie Workman, Art Davis, Jimmy Garrison, Elvin Jones
GEORGE RUSSELL: THE JAZZ WORKSHOP;1956;RCA VICTOR;George Russell, Art Farmer, Hal McKusick, Barry Galbraith, Bill Evans, Milt Hinton, Teddy Kotick, Joe Harris, Paul Motian, Osie Johnson
MILES DAVIS: SKETCHES OF SPAIN;1960;COLUMBIA;Miles Davis, Gil Evans
STAN GETZ: FOCUS;1961;VERVE;Stan Getz, Roy Haynes, Hershey Kay
CHICK COREA: RETURN TO FOREVER;1972;ECM;Chick Corea, Joe Farrell, Stanley Clarke, Airto Moreira, Flora Purim
BILLIE HOLIDAY: AT JATP;1947;CLEF/VERVE;Billie Holiday, Howard McGhee, Buck Clayton, Trummy Young, Willie Smith, Illinois Jacquet, Wardell Gray, Coleman Hawkins, Lester Young, Milt Raskin, Ken Kersey, Tommy Tucker, Charles Mingus, Al McKibbon, J.C. Heard, Jackie Mills
TONY WILLIAMS LIFETIME: EMERGENCY!;1969;POLYDOR;Tony Williams, Larry Young, John McLaughlin
CANNONBALL ADDERLEY: SOMETHIN� ELSE;1959;BLUE NOTE;Cannonball Adderley, Miles Davis, Hank Jones, Sam Jones, Art Blakey
CHARLES MINGUS: THE BLACK SAINT AND THE SINNER LADY;1963;IMPULSE!;Rolf Ericson, Richard Williams, Quentin Jackson, Don Butterfield, Jerome Richardson, Dick Hafer, Charlie Mariano, Jaki Byard, Jay Berliner, Charles Mingus, Dannie Richmond
ELLA FITZGERALD: SINGS THE COLE PORTER SONGBOOK;1956;VERVE;Ella Fitzgerald
DUKE ELLINGTON: ELLINGTON AT NEWPORT;1956;COLUMBIA;Duke Ellington, Willie Cook, Ray Nance, Clark Terry, Cat Anderson, Britt Woodman, Quentin Jackson, John Sanders, Johnny Hodges, Russell Procope, Jimmy Hamilton, Paul Gonsalves, Harry Carney, Jimmy Woode, Sam Woodyard
WOODY HERMAN: THE THUNDERING HERDS;1945;COLUMBIA;Woody Herman, Sonny Berman, Pete Candoli, Conte Candoli, Shorty Rogers, Conrad Gozzo, Ernie Royal, Bill Harris, Sam Marowitz, John LaPorta, Flip Phillips, Pete Mondello, Herbie Steward, Stan Getz, Zoot Sims, Serge Chaloff, Margie Hyams, Red Norvo, Ralph Burns, Jimmy Rowles, Billy Bauer, Chuck Wayne, Chubby Jackson, Dave Tough, Don Lamond
JAN GARBAREK: AFRIC PEPPERBIRD;1970;ECM;Jan Garbarek, Terje Rypdal, Arild Andersen, Jon Christensen
JIMMY SMITH: A NEW SOUND, A NEW STAR;1956;BLUE NOTE;Jimmy Smith, Thornel Schwartz, Bay Perry, Donald Bailey
PAT METHENY: BRIGHT SIZE LIFE;1975;ECM;Pat Metheny, Jaco Pastorius, Bob Moses
STAN GETZ/JOAO GILBERTO: GETZ/GILBERTO;1963;VERVE;Stan Getz, Joao Gilberto, Antonio Carlos Jobim, Tommy Williams, Milton Banana, Astrud Gilberto
HERBIE HANCOCK: MAIDEN VOYAGE;1965;BLUE NOTE;Freddie Hubbard, George Coleman, Herbie Hancock, Ron Carter, Tony Williams
ART BLAKEY: MOANIN�;1958;BLUE NOTE;Art Blakey, Lee Morgan, Benny Golson, Bobby Timmons, Jymie Merritt
CECIL TAYLOR: AT THE CAF� MONTMARTRE;1962;DEBUT;Cecil Taylor, Jimmy Lyons, Sunny Murray
BUD POWELL: THE GENIUS OF BUD POWELL;1950;CLEF/VERVE;Bud Powell, Ray Brown, Buddy Rich
MODERN JAZZ QUARTET: FONTESSA;1956;ATLANTIC;John Lewis, Milt Jackson, Percy Heath, Connie Kay
WES MONTGOMERY: THE INCREDIBLE JAZZ GUITAR OF WES MONTGOMERY;1960;RIVERSIDE;Wes Montgomery, Tommy Flanagan, Percy Heath, Albert Heath
FRANK SINATRA: SONGS FOR SWINGIN� LOVERS;1956;CAPITOL;Frank Sinatra, Nelson Riddle
JELLY ROLL MORTON: VOLUME 1;1928;JSP;Jelly Morton, George Mitchell, Edward Kid Ory, Omer Simeon, Barney Bigard, Darnell Howard, Johnny Dodds, Stump Evans, Johnny St Cyr, John Lindsay, Andrew Hilaire, Baby Dodds
AHMAD JAMAL: BUT NOT FOR ME - AT THE PERSHING;1958;ARGO;Ahmad Jamal, Israel Crosby, Vernel Fournier
WEATHER REPORT: HEAVY WEATHER;1976;COLUMBIA;Joe Zawinul, Wayne Shorter, Jaco Pastorius, Alex Acu�a, Manolo Badrena
ORNETTE COLEMAN: FREE JAZZ;1960;ATLANTIC;Ornette Coleman, Freddie Hubbard, Don Cherry, Eric Dolphy, Scott LaFaro, Charlie Haden, Ed Blackwell, Billy Higgins
DAVE BRUBECK: TIME OUT;1959;COLUMBIA;Dave Brubeck, Paul Desmond, Eugene Wright, Joe Morello
HERBIE HANCOCK: HEAD HUNTERS;1973;COLUMBIA;Herbie Hancock, Bennie Maupin, Paul Jackson, Harvey Mason, Bill Summers
ALBERT AYLER TRIO: SPIRITUAL UNITY;1964;ESP-DISK;Albert Ayler, Gary Peacock, Sunny Murray
MAHAVISHNU ORCHESTRA: INNER MOUNTING FLAME;1972;COLUMBIA;John McLaughlin, Jerry Goodman, Jan Hammer, Rick Laird, Billy Cobham
DUKE ELLINGTON: THE BLANTON-WEBSTER BAND;1942;RCA BLUEBIRD;Duke Ellington, Wallace Jones, Cootie Williams, Ray Nance, Rex Stewart, Joe Nanton, Lawrence Brown, Juan Tizol, Barney Bigard, Johnny Hodges, Otto Hardwick, Ben Webster, Harry Carney, Fred Guy, Billy Strayhorn, Jimmy Blanton, Sonny Greer, Ivie Anderson, Herb Jeffries
LOUIS ARMSTRONG: COMPLETE HOT FIVES AND SEVENS;1930;COLUMBIA;Louis Armstrong, Honore Dutrey, Edward Kid Ory, J.C. Higginbotham, Jack Teagarden, Johnny Dodds, Don Redman, Jimmie Noone, Barney Bigard, Happy Caldwell, Lonnie Johnson, Johnny St Cyr, Lil Hardin, Earl Hines, Baby Dodds, Zutty Singleton
ERIC DOLPHY: OUT TO LUNCH;1964;BLUE NOTE;Eric Dolphy, Freddie Hubbard, Bobby Hutcherson, Richard Davis, Tony Williams
JOHN COLTRANE: GIANT STEPS;1959;ATLANTIC;John Coltrane, Tommy Flanagan, Cedar Walton, Wynton Kelly, Paul Chambers, Lex Humphries, Art Taylor, Jimmy Cobb
KEITH JARRETT: THE K�LN CONCERT;1975;ECM;Keith Jarrett
MILES DAVIS: BITCHES BREW;1969;COLUMBIA;Miles Davis, Wayne Shorter, Bennie Maupin, Joe Zawinul, Chick Corea, John McLaughlin, Dave Holland, Harvey Brooks, Lenny White, Jack DeJohnette, Don Alias, Jumma Santos
CHARLIE PARKER: BIRD: THE COMPLETE ORIGINAL MASTER TAKES. THE SAVOY RECORDINGS;1948;SAVOY JAZZ;Charlie Parker, Miles Davis, Dizzy Gillespie, Argonne Thornton, Clyde Hart, Bud Powell, John Lewis, Duke Jordan, Tiny Grimes, Curley Russell, Tommy Potter, Harold West, Max Roach
CHARLES MINGUS: MINGUS AH UM;1959;COLUMBIA;Charles Mingus, Jimmy Knepper, Willie Dennis, John Handy, Shafi Hadi, Booker Ervin, Horace Parlan, Dannie Richmond
THELONIOUS MONK: BRILLIANT CORNERS;1956;RIVERSIDE;Thelonious Monk, Ernie Henry, Sonny Rollins, Oscar Pettiford, Paul Chambers, Max Roach, Clark Terry
SONNY ROLLINS: SAXOPHONE COLOSSUS;1956;PRESTIGE;Sonny Rollins, Tommy Flanagan, Doug Watkins, Max Roach
BILL EVANS TRIO: SUNDAY AT THE VILLAGE VANGUARD;1961;RIVERSIDE;Bill Evans, Scott LaFaro, Paul Motian
ORNETTE COLEMAN: THE SHAPE OF JAZZ TO COME;1959;ATLANTIC;Ornette Coleman, Don Cherry, Charlie Haden, Billy Higgins
JOHN COLTRANE: A LOVE SUPREME;1964;IMPULSE!;John Coltrane, McCoy Tyner, Jimmy Garrison, Elvin Jones
MILES DAVIS: KING OF BLUE;1959;COLUMBIA;Miles Davis, John Coltrane, Cannonball Adderley, Wynton Kelly, Bill Evans, Paul Chambers, Jimmy Cobb
AT THE UNITY THEATRE;1975;INCUS;Evan Parker, Paul Lytton
INCISION;1980;FMP;Evan Parker, Barry Guy
IMAGINARY VALUES;1994;MAYA;Evan Parker, Barry Guy, Paul Lytton
THE DROPPER;2000;BLUE NOTES;John Medeski, Billy Martin, Chris Wood, Marshall Allen, Marc Ribot, Eddie Bobe, Paula Potocki, Charlie Burnham, Joan Wasser, Jane Scarpantoni
UNINVISIBLE;2002;BLUE NOTES;John Medeski, Billy Martin, Chris Wood, Eddie Bob�, Jordan McLean Todd Simon, Danny Blume, Brad Roberts, Scotty Hard
THE REDWOOD SESSION;1996;CIMP;Evan Parker, Barry Guy, Paul Lytton, Joe McPhee
THE TAO OF MAD PHAT;1993;NOVUS;Steve Coleman, Andy Milne, David Gilmore, Reggie Washington, Gene Lake, Roy Hargrove, Josh Roseman, Matt Garrison, Kenny Davis, Junior Wedderburn
BLUE LIGHT 'TIL DAWN;1993;BLUE NOTE;Cassandra Wilson, Olu Dara, Don Byron, Charlie Burham, Brandon Ross, Tony Cedras, Gib Wharton, Chris Whitley, Kenny Davis, Lonnie Plaxico, Lance Carter, Cyro Baptista, Kevin Johnson
ON THE RISING OF THE 64 PATHS;2002;LABEL BLEU;Steve Coleman, Malik Mezzadri, Anthony Tidd, Sean Rickman, Reggie Washington
IN OUR LIFETIME;1995;NEW WORLD;Dave Douglas, Josh Roseman, Chris Speed, Uri Caine, James Genus, Joey Baron, Marty Ehrlich
TOGETHER ALONE;1974;DELMARK;Anthony Braxton, Joseph Jarman
EARTH PASSAGE - DENSITY;1981;BLACK SAINT;Joseph Jarman, Craig Harris, Rafael Garrett, Famoudou Don Moye
WEAVING SYMBOLICS;2006;LABEL BLEU;Steve Coleman, Malik Mezzadri, Johnathan Finlayson, Tim Albright, Jen Shyu, Nelson Veras, Jason Moran, Anthony Tidd, Reggie Washington, Eric Revis, Sarah Murica, Marcus Gilmore, Jeff Watts
JOURNEY TO THE URGE WITHIN;1986;VERVE;Courtney Pine, Kevin Robinson, Ray Carless, Orphy Robinson, Julian Joseph, Roy Carter, Martin Taylor, Gary Crosby, Mark Mondesir, Susaye Greene, Cleveland Watkiss
THE BETTY CARTER ALBUM;1976;BET-CAR;Betty Carter, Danny Mixon, Onaje Allan Gumbs, Louis Hayes, Chip Lyle
WHATEVER HAPPENED TO LOVE;1982;BET-CAR;Betty Carter, Khalid Moss, Curtis Lundy, Lewis Nash
ESOTERIC CIRCLE;1969;FLYING DUTCHMAN;Jan Garbarek, Terje Rypdal, Arild Andersen, Jon Christensen
BELONGING;1974;ECM;Keith Jarrett, Jan Garbarek, Palle Danielsson, Jon Christensen
SOLSTICE;1975;ECM;Jan Garbarek, Raph Towner, Eberhard Weber, Jon Christensen
IN PLENO;1964;MEGAFON;Rune Gustafsson, Georg Riedel, Egil Johansen, Rupert Clemendore, Jan Johansson
THE ESSENCE OF GEORGE RUSSEL;1971;SONET, BLACK SAINT;George Russell, Jan Garbarek, Jon Christensen, Jan Allan, Erik Nilsson, Rune Gustafsson, Stanton Davis, Arild Anderson, Terje Rypdal, Lars Samuelsson, Arne Dornerus, Claes Rosendahl, Lennart Aberg, Olle Lind, Berndt Egerbladh, Georg Riedel, Egil Johansen, Sabu Martinez, Georg Vernon, Runo Ericksson, Christer Boustedt, Bernt Rosengren
VISIONS;1978;STEEPLECHASE RECORDS;Sun Ra, Walt Dickerson
GREEN CHIMNEYS;1989;URBAN;Cleveland Watkiss, Paul Hunt, Simon Woolf, Brian Abrahals, Clifford Jarvis, Martin France, Ashley Alexander, Jason Rebello, Simon Purcel, James Joseph, Courtney Pine, Steve Williamson, Jean Toussaint, Paul Edmons
VISITATION;1985;SACKVILLE;Joe McPhee, Bill Smith, David Prentice, David Lee, Richerd Barnard
PORGY AND BESS;1958;VERVE;Ella Fitzgerald, Louis Armstrong
ELLA � NICE;1982;PABLO RECORDS;Ella Fitzgerald, Tommy Flanagan, Frank DeLaRosa, Ed Thigpen
ELLA AND LOUIS;1956;VERVE;Ella Fitzgerald, Louis Armstrong, Ray Brown, Herb Ellis, Oscar Peterson, Buddy Rich
WHO IS IT ?;1998;CANDID;Ingrid Laubrock, Davide Mantovani, Ife Tolentino, Kim Burton, Helder Pack
AT THE PERSHING : BUT NOT FOR ME;1958;ARGO;Ahmad Jamal, Israel Crosby, Vernel Fournier
DOWN HOME;1962;RIVERSIDE;Sam Jones, Les Spann, Snooky Yound, Jimmy Cleveland, Frank Strozier, Jimmy Heath, Pat Patrick, Wynton Kelly, Ron Carter, Vernel Fournier
UNDERGROUND;1997;VERVE;Courtney Pine, Cyrus Chestnut, Reginald Veal, Jeff Watts, DJ Pogo, Jhelisa, Nicholas Payton, Mark Whitfield
THE GREAT SUMMIT : THE MASTER TAKES;1961;ROULETTE/BLUE NOTES;Duke Ellington, Louis Armstrong, Barney Bigard, Danny Barcelona, Mort Herbert, Trummy Young
THE ELLINGTON SUITES;1976;PABLO;Duke Ellington, Russell Procope, Harry Carney, Cat Anderson, Shorty Baker, Ray Nance, Clark Terry, Quentin Jackson, Britt Woodman, Sohn Sanders, Jimmy Hamilton, Johnny Hodges, Paul Gonsalves, Jimmy Woode, Eddie Preston, Jimmy Johnson, Mercer Ellington, Money Johnson, Cootie Williams, Johnny Coles, Booty Wood, Norris Turney, Harold Minerve, Harold Ashby, Joe Benjamin, Rufus Jones, Vince Prudente, Malcom Taylor, Chuck Connors
JOHN MAYER'S INDO JAZZ FUSIONS - ETUDES / RADHA KRISHNA ;2008;FIRST HAND RECORDS;Coleridge Goode, Tony Coe, John Marshall, Ian Hmer, Chris Taylor, Nicolette Bernard, Tristen Fry, Pat Smythe, Ian Jones, Neil Coton, Clem Alford, Diwan Motihar, Viram Jasani, Keshav Sathen, Austin Miskell, John Mayer
INSIDE BETTY CARTER;1964;UNITED ARTISTS;Betty Carter, Harold Mabern, Bob Cranshaw, Roy McCurdy, Kenny Burrell
CONSENTING ADULTS;2000;CRISS CROSS JAZZ;Larry Grenadier, Mark Turner, Peter Bernstein, Leon Parker
RAY BROWN, MONTY ALEXANDER, RUSSELL MALONE;2002;TELARC;Ray Brown, Russell Malone, Monty Alexander
SWEET GEORGIA PEACH;1998;IMPULSE!;Ron Carter, Lewis Nash, Russell Malone, Steve Kroon, Kenny Barron
DHARMA DAYS;2001;WARNER BROS.;Reid Andreson, Nasheet Waits, Kurt Rosenwinkel, Matt Pierson, James Farber, Mark Turner
POLAR BEAR;2008;TIN ANGLE/THE LEAF LABEL;Pete Wareham, Mark Lockheart, Sebastian Rochford, Tom Herbert, Leafcutter John, Julia Biel, Ben Davis, Amanda Drummond, Brian Edwards, Ingrid Laubrock
UNION;2012;CLEAN FEED;Kris Davis, Ingrid Laubrock, Tyshawn Sorey
SLEEPTHIEF;2008;INTAKT;Ingrid Laubrock, Liam Noble, Tom Rainey
DUOPOLY;2016;PYROCLASTIC RECORDS;Kris Davis, Tim Berne, Spottswood Erving, Bon Byron, Billy Drummond, Marcus Gilmore, Bill Frisell, Angelica Sanchez, Craig Taborn
CREVULATIONS;2005;PSI;Neil Ferber, Stan Tracey, Evan Parker, Kathleen Jones
COMME D'HABITUDE;1998;JAZZIZIT RECORDS;Andrew Cleyndert, Clark Tracey, Stan Tracey, Bobby Wellins
TANDEM : LIVE AT THE BRACKNELL FESTIVAL;1977;OGUN;Mike Osborne, Stan Tracey
CHICO HAMILTON QUINTET IN HI-FI;1980;LIBERTY;Buddy Collette, Carson Smith, Ferd Katz, Chico Hamilton, Jim Hall, Sleepy Stein
GOING EAST !;1959;WARNER BROS.;Chico Hamilton, Eric Dolphy, Nathan Gershman, Dennis Budimir, Wyatt Ruther
DREAMS COME TRUE;2008;JOYOUS SHOUT!;Chico Hamilton, Andrew Hill
COSTUMES ARE MANDATORY;2013;HIGHNOTE RECORDS;Lee Konitz, Larry Grenadier, Jorge Rossy, Ethan Iverson, Lee Konitz
NEXT TO YOU;2005;�MOUVANCE;Daunik Lazro, Joe McPhee, Claude Tchamitchian, Raymond Boni
JAZZ IN STUDIO NICE;1982;BLUEBELL OF SWEDEN;Erik Nilsson, Sture Nordin, Rune Carlsson, Jan Olsson, Nils Lindberg, Bernt Rosengren, Markku Johansson
MILES BY FIVE;2007;TOUCH� MUSIC;Palle Danielsson, Magnus �str�m, Bobo Stenson, Joakim Milder, Ulf Ad�ker
LIVE IN CONCERT;1972;COLUMBIA;Gerry Milligan, Dave Brubeck
VOL.3 - THE METROPOLITAN OPERA HOUSE JAM SESSION;1971;PALM30;Louis Armstrong, Roy Eldridge, Jack Teagarden, Barney Bigard, Benny Goodman, Coleman Hawkins, Red Norvo, Art Tatum, Jess Stacy, Teddy Wilson, Al Casey, Oscar Pettiford, Sid Weiss, Sidney Catlett, Morey Feld, Billie Holiday, Mildred Bailey
THE PROPHET SPEAKS;date;label;Van Morrison
LET'S BE FRANK;date;label;Trisha Yearwood
MY WAY;date;label;Willie Nelson
BLUE WORLD;date;label;John Coltrane
BOTH DIRECTIONS AT ONCE: THE LOST ALBUM;date;label;John Coltrane
IT'S THE HOLIDAY SEASON;date;label;Martina McBride
TRUE LOVE: A CELEBRATION OF COLE PORTER;date;label;Harry Connick, Jr.
THE CAPITOL STUDIOS SESSIONS;date;label;Jeff Goldblum , The Mildred Snitzer Orchestra
HOLLYWOOD AFRICANS;date;label;Jon Batiste
IN THE BLUE LIGHT;date;label;Paul Simon
MUSIC BOOK VOLUME III: MAGNIFICENT;date;label;Mel Holder
THE HIGHEST ACT OF LOVE;date;label;Norman Brown
IT'S THE GREAT PUMPKIN, CHARLIE BROWN ;date;label;Vince Guaraldi
12 LITTLE SPELLS;date;label;Esperanza Spalding
IMMIGRANCE;date;label;Snarky Puppy
OPEN ROAD;date;label;The Rippingtons , Russ Freeman
RUBBERBAND;date;label;Miles Davis
GREEN BOOK;date;label;Kris Bowers 
FOLLOW THE LEADER;date;label;Jonathan Hay, Benny Reid , Mike Smith
MUSICAL PROPHET: THE EXPANDED 1963 NEW YORK STUDIO SESSIONS ;date;label;Eric Dolphy
HEAVEN, EARTH;date;label;Kamasi Washington
CHRISTMAS AT NOTRE DAME ;date;label;Arturo Sandoval
BOTH DIRECTIONS AT ONCE: THE LOST ALBUM;date;label;John Coltrane
ULTIMATE CHRISTMAS;date;label;Frank Sinatra
MY WAY;date;label;Willie Nelson
YOU'RE DRIVING ME CRAZY;date;label;Van Morrison, Joey DeFrancesco
VERSATILE;date;label;Van Morrison
IN THE BLUE LIGHT;date;label;Paul Simon
THE CHRISTMAS WISH;date;label;Herb Alpert
HEAVEN, EARTH;date;label;Kamasi Washington
20TH ANNIVERSARY CHRISTMAS;date;label;Dave Koz, Friends
HONESTLY;date;label;Boney James
TURN UP THE QUIET;date;label;Diana Krall
HARMONY OF DIFFERENCE;date;label;Kamasi Washington
STANDARDS;date;label;Seal
DAVE KOZ, FRIENDS: SUMMER HORNS II FROM A TO Z;date;label;Dave Koz,Gerald Albright,Rick Braun,Richard Elliot,Aubrey Logan
COLORS OF LOVE;date;label;Brian Culbertson
THE FINAL TOUR: COPENHAGEN, MARCH 24, 1960;date;label;Miles Davis , John Coltrane
THE FINAL TOUR: THE BOOTLEG SERIES, VOL. 6;date;label;Miles Davis , John Coltrane
SOUL SIDE OF TOWN;date;label;Tower of Power
HOLLYWOOD AFRICANS;date;label;Jon Batiste
NAT KING COLE , ME;date;label;Gregory Porter
LAID BLACK;date;label;Marcus Miller
RANKY TANKY;date;label;Ranky Tanky
VANISHED GARDENS;date;label;Charles Lloyd , The Marvels , Lucinda Williams
MMIII;date;label;Tadric Jermaine
TURN UP THE QUIET;date;label;Diana Krall
SIMPLY CHRISTMAS;date;label;Leslie Odom Jr.
TONY BENNETT CELEBRATES 90;date;label;Tony Bennett
JE DIS OUI!;date;label;Pink Martini
PARKING LOT SYMPHONY;date;label;Trombone Shorty
THE ART OF ELEGANCE;date;label;Kristin Chenoweth
TAKE ME TO THE ALLEY;date;label;Gregory Porter
BEL HOMMAGE;date;label;Patti LaBelle
HONESTLY;date;label;Boney James
THE ESSENTIALS;date;label;Scott Bradlee's Postmodern Jukebox
MMIII;date;label;Tadric Jermaine
CHRISTMAS WITH JON BATISTE;date;label;Jon Batiste
THE WAY OF A WOMAN;date;label;Jan Daley
HARMONY OF DIFFERENCE;date;label;Kamasi Washington
EVOLUTION OF A WINNER;date;label;Syreeta Thompson Trumpetlady
LET IT GO;date;label;Norman Brown
HUDSON;date;label;DeJohnette,Grenadier,Medeski,Scofield
LESLIE ODOM, JR.;date;label;Leslie Odom, Jr.
SUMMERTIME: WILLIE NELSON SINGS GERSHWIN;date;label;Willie Nelson
GROOVIN;date;label;Peter White
LOVE IS A BATTLEFIELD;date;label;Maysa
LES LIAISONS DANGEREUSES;date;label;Thelonious Monk
TRUTH, LIBERTY , SOUL: LIVE IN NYC: THE COMPLETE 1982 NPR JAZZ ALIVE!;date;label;Jaco Pastorius
CHRIS THILE , BRAD MEHLDAU;date;label;Chris Thile , Brad Mehldau
DAY BREAKS;date;label;Norah Jones
CHEEK TO CHEEK;date;label;Tony Bennett , Lady Gaga
SUMMERTIME: WILLIE NELSON SINGS GERSHWIN;date;label;Willie Nelson 
CHRISTMAS WITH FRIENDS;date;label;India.Arie , Joe Sample
MY FAVORITE THINGS;date;label;Joey Alexander
THE EPIC;date;label;Kamasi Washington
TAKE ME TO THE ALLEY;date;label;Gregory Porter
THE ART OF ELEGANCE;date;label;Kristin Chenoweth
EMILY'S D,EVOLUTION;date;label;Esperanza Spalding
THE SILVER LINING: THE MUSIC OF JEROME KERN;date;label;Tony Bennett , Bill Charlap
BYE BYE BLACKBIRD ;date;label;Frank Catalano, Jimmy Chamberlin, David Sanborn
GOD'S GONNA CUT YOU DOWN ;date;label;Frank Catalano, Jimmy Chamberlin
ULTIMATE SINATRA: THE CENTENNIAL COLLECTION ;date;label;Frank Sinatra
LESLIE ODOM, JR.;date;label;Leslie Odom, Jr.
FUTURESOUL;date;label;Boney James
A VERY SWINGIN' BASIE CHRISTMAS!;date;label;The Count Basie Orchestradirected by Scotty Barnhart
WALLFLOWER;date;label;Diana Krall
AMERICAN TUNES;date;label;Allen Toussaint
NO ONE EVER TELLS YOU;date;label;Seth MacFarlane
CULCHA VULCHA;date;label;Snarky Puppy
EVERYTHING'S BEAUTIFUL;date;label;Miles Davis , Robert Glasper
SILVER;date;label;Fourplay
ARTSCIENCE;date;label;Robert Glasper Experiment
A VOICE ON AIR: 1935-1955 ;date;label;Frank Sinatra
WALLFLOWER;date;label;Diana Krall
NOSTALGIA;date;label;Annie Lennox
ULTIMATE SINATRA;date;label;Frank Sinatra
HOLIDAY FOR SWING!;date;label;Seth MacFarlane
FUTURESOUL;date;label;Boney James
WHIPLASH;date;label; Justin Hurwitz, Tim Simonec , 
DAVE KOZ , FRIENDS: THE 25TH OF DECEMBER;date;label;Dave Koz
BRAZILIAN NIGHTS;date;label;Kenny G
THE EPIC;date;label;Kamasi Washington
ULTIMATE SINATRA: THE CENTENNIAL COLLECTION ;date;label;Frank Sinatra
THE SILVER LINING: THE MUSIC OF JEROME KERN;date;label;Tony Bennett , Bill Charlap
SCO-MULE ;date;label;Gov't Mule , John Scofield
CURRENCY OF MAN;date;label;Melody Gardot
MY FAVORITE THINGS;date;label;Joey Alexander
COMING FORTH BY DAY;date;label;Cassandra Wilson
THE CLASSIC CHRISTMAS ALBUM;date;label;Frank Sinatra
HISTORICAL MISAPPROPRIATION;date;label;Scott Bradlee's Postmodern Jukebox
THE COMPLETE CONCERT BY THE SEA: RECORDED LIVE IN CARMEL, CA SEPT. 19, 1955;date;label;Erroll Garner
ROBERT GLASPER: COVERED, RECORDED LIVE AT CAPITOL STUDIOS;date;label;The Robert Glasper Trio
SYLVA;date;label;Snarky Puppy , Metropole Orkest
AFRODEEZIA;date;label;Marcus Miller
BACK 2 LOVE;date;label;Maysa
TO BE LOVED;date;label;Michael Buble
NOSTALGIA;date;label;Annie Lennox
BLACK RADIO 2;date;label;Robert Glasper Experiment
SINATRA: BEST OF DUETS;date;label;Frank Sinatra
LIQUID SPIRIT;date;label;Gregory Porter
ICON CHRISTMAS: FRANK SINATRA;date;label;Frank Sinatra
ICON: CHRISTMAS WITH THE RAT PACK;date;label;The Rat Pack
KIN ();date;label;Pat Metheny Unity Group
EVERY MAN SHOULD KNOW;date;label;Harry Connick, Jr.
ANOTHER LONG NIGHT OUT;date;label;Brian Culbertson
ICON: FRANK SINATRA;date;label;Frank Sinatra
TWIST IS THE NEW TWERK;date;label;Scott Bradlee's Postmodern Jukebox
GET HAPPY;date;label;Pink Martini
LAST DANCE;date;label;Keith Jarrett , Charlie Haden
DAVE KOZ, FRIENDS: SUMMER HORNS;date;label;Dave Koz,Gerald Albright,Mindi Abair,Richard Elliot
THE CLASSICS;date;label;Tony Bennett
SINATRA: DUETS: TWENTIETH ANNIVERSARY ;date;label;Frank Sinatra
MY OLD FRIEND: CELEBRATING GEORGE DUKE;date;label;Al Jarreau
WOMANCHILD;date;label;Cecile McLorin Salvant
SAY THAT TO SAY THIS;date;label;Trombone Shorty
BEAUTIFUL LIFE;date;label;Dianne Reeves
THE BEAT;date;label;Boney James
NATHAN EAST;date;label;Nathan East
SKE-DAT-DE-DAT: THE SPIRIT OF SATCH;date;label;Dr. John
WE LIKE IT HERE;date;label;Snarky Puppy
THE JAZZMASTERS VII;date;label;Paul Hardcastle
SINATRA WITH LOVE;date;label;Frank Sinatra
LADY DAY AT EMERSON'S BAR , GRILL ;date;label;Audra McDonald
EUPHORIA;date;label;Will Downing
SLAM DUNK;date;label;Gerald Albright
GOT 2 BE GROOVIN;date;label;Euge Groove
HISTORICAL MISAPPROPRIATION;date;label;Scott Bradlee's Postmodern Jukebox
MAP TO THE TREASURE: REIMAGINING LAURA NYRO;date;label;Billy Childs
LIP SERVICE;date;label;Richard Elliot
WILD HEART;date;label;Mindi Abair
ICON: THE RAT PACK;date;label;The Rat Pack
LOOPIFIED;date;label;Dirty Loops
CAN YOU FEEL IT;date;label;Rick Braun
JAZZ FUNK SOUL;date;label;Jazz Funk Soul
THAT'S IT!;date;label;Preservation Hall Jazz Band
SOUTHERN COMFORT;date;label;Regina Carter
SOUL QUEST;date;label;Keiko Matsui
FOUNTAIN OF YOUTH;date;label;The Rippingtons , Russ Freeman
BLUE VELVET SOUL;date;label;Maysa
MILES AT THE FILLMORE: MILES DAVIS 1970 - THE BOOTLEG SERIES VOL. 3;date;label;Miles Davis
SOCIAL MUSIC;date;label;Jon Batiste, Stay Human
VIVA DUETS;date;label;Tony Bennett
GLAD RAG DOLL;date;label;Diana Krall
SINATRA: BEST OF THE BEST;date;label;Frank Sinatra
EVERY MAN SHOULD KNOW;date;label;Harry Connick, Jr.
THE CLASSIC CHRISTMAS ALBUM;date;label;Kenny G
THE BEAT;date;label;Boney James
THE BLUE ROOM;date;label;Madeleine Peyroux
DUETS II;date;label;Tony Bennett
DAVE KOZ, FRIENDS: SUMMER HORNS;date;label;Dave Koz,Gerald Albright,Mindi Abair,Richard Elliot
IMPRESSIONS;date;label;Chris Botti
AS TIME GOES BY: GREAT AMERICAN SONGBOOK CLASSICS;date;label;Tony Bennett
NATALIE COLE EN ESPANOL;date;label;Natalie Cole
BLACK RADIO 2;date;label;Robert Glasper Experiment
KISSES ON THE BOTTOM;date;label;Paul McCartney
BENNETT,BRUBECK: THE WHITE HOUSE SESSIONS, LIVE 1962;date;label;Tony Bennett , Dave Brubeck
DREAMWEAVER;date;label;George Duke
RADIO MUSIC SOCIETY;date;label;Esperanza Spalding
IN GRAND COMPANY;date;label;Duke Ellington
BLACK RADIO;date;label;Robert Glasper Experiment
GET HAPPY;date;label;Pink Martini
CAUTION;date;label;Andre Ward
WAY DOWN LOW;date;label;Kat Edmonson
SENTIMENTAL JOURNEY;date;label;Emmy Rossum
INSPIRATION: A TRIBUTE TO NAT KING COLE;date;label;George Benson
PAUL HARDCASTLE: VII;date;label;Paul Hardcastle
DREAMS;date;label;Brian Culbertson
A TIME FOR LOVE;date;label;Jeffrey Osborne
NO BEGINNING NO END;date;label;Jose James
LIQUID SPIRIT;date;label;Gregory Porter
THAT'S IT!;date;label;Preservation Hall Jazz Band
SAY THAT TO SAY THIS;date;label;Trombone Shorty
THE JAZZ AGE;date;label;The Bryan Ferry Orchestra
HUMAN NATURE;date;label;bwb
MIDNIGHT IN PARIS;date;label;Bande originale de film
WOMANCHILD;date;label;Cecile McLorin Salvant
HOUSE OF GROOVE;date;label;Euge Groove
BLUE VELVET SOUL;date;label;Maysa
BE GOOD;date;label;Gregory Porter
WITHOUT A NET;date;label;The Wayne Shorter Quartet , Danilo Perez, John Patitucci , Brian Blade
HANDPICKED;date;label;Earl Klugh
GRACE, MERCY;date;label;Jonathan Butler
RATTLE THEM BONES;date;label;Big Bad Voodoo Daddy
SMOKEY MARY;date;label;Harry Connick, Jr.
ESPRIT DE FOUR;date;label;Fourplay
IT'S MAGIC: THE SONGS OF SAMMY CAHN;date;label;Steve Tyrell
SPIRITYOUALL;date;label;Bobby McFerrin
SOMEWHERE;date;label;Keith Jarrett, Gary Peacock, Jack DeJohnette
DUETS II;date;label;Tony Bennett
KISSES ON THE BOTTOM;date;label;Paul McCartney
SINATRA: BEST OF THE BEST;date;label;Frank Sinatra
THAT'S LIFE;date;label;Landau Eugene Murphy, Jr.
RADIO MUSIC SOCIETY;date;label;Esperanza Spalding
GLAD RAG DOLL;date;label;Diana Krall
BLACK RADIO;date;label;Robert Glasper Experiment
VIVA DUETS;date;label;Tony Bennett
IMPRESSIONS;date;label;Chris Botti
THE CLASSIC CHRISTMAS ALBUM;date;label;Tony Bennett
MIDNIGHT IN PARIS;date;label;Bande originale de film
THE ABSENCE;date;label;Melody Gardot
FOR TRUE;date;label;Trombone Shorty
RETROSPECTIVE;date;label;Pink Martini
THE VERY BEST OF THE RAT PACK;date;label;The Rat Pack
DREAMS;date;label;Dreams
CONTACT;date;label;Boney James
UNITY BAND;date;label;Pat Metheny, Chris Potter, Ben Williams, Antonio Sanchez
HERE WE GO;date;label;Peter White
RENAISSANCE;date;label;Marcus Miller
CARNIVALE ELECTRICOS;date;label;Galactic
BE GOOD;date;label;Gregory Porter
ULTIMATE CHRISTMAS;date;label;Dave Koz
THE SMOOTH SIDE OF SOUL;date;label;Najee
I'LL TAKE ROMANCE;date;label;Steve Tyrell
MOTIONS OF LOVE;date;label;Maysa
MUSIC IS BETTER THAN WORDS;date;label;Seth MacFarlane
WAY DOWN LOW;date;label;Kat Edmonson
RIO;date;label;Keith Jarrett
DUETS: AN AMERICAN CLASSIC , DUETS II;date;label;Tony Bennett
THE DUKE;date;label;Joe Jackson
GUITAR MAN;date;label;George Benson
BREAKIN' THE RULES;date;label;Rahni Song
ESPRIT DE FOUR;date;label;Fourplay
ANOTHER COUNTRY;date;label;Cassandra Wilson , Fabrizio Sotti
ISN'T IT ROMANTIC?;date;label;Tony Bennett
RATTLE THEM BONES;date;label;Big Bad Voodoo Daddy
BUILT TO LAST;date;label;The Rippingtons , Russ Freeman
COME SUNDAY;date;label;Charlie Haden , Hank Jones
LIVE IN EUROPE 1967: BEST OF THE BOOTLEG VOL. 1;date;label;The Miles Davis Quintet
HOUSE OF GROOVE;date;label;Euge Groove
THE CHILL LOUNGE: VOLUME 1;date;label;Paul Hardcastle
THE WAYMAN TISDALE STORY;date;label;Wayman Tisdale
SURREAL;date;label;Incognito
ROCKET SCIENCE;date;label;Bela Fleck , The Flecktones
CHAMBER MUSIC SOCIETY;date;label;Esperanza Spalding
ROMANCE LANGUAGE;date;label;Kirk Whalum
CHRISTMAS;date;label;Michael Buble
CRAZY LOVE;date;label;Michael Buble
JOY TO THE WORLD;date;label;Pink Martini
HOLLYWOOD: THE DELUXE ;date;label;Michael Buble
CHAMBER MUSIC SOCIETY;date;label;Esperanza Spalding
CONTACT;date;label;Boney James
CHRISTMAS WITH THE RAT PACK;date;label;The Rat Pack 
THE VERY BEST OF THE RAT PACK;date;label;The Rat Pack
HELLO TOMORROW;date;label;Dave Koz
BACKATOWN;date;label;Trombone Shorty
IN CONCERT ON BROADWAY;date;label;Harry Connick, Jr.
HEART, SOUL;date;label;Kenny G
TREME: MUSIC FROM THE HBO ORIGINAL SERIES: SEASON 1;date;label;Bande originale de serie
LET'S TOUCH THE SKY;date;label;Fourplay
GABRIEL BELLO;date;label;Gabriel Bello
FOR TRUE;date;label;Trombone Shorty
WHAT'S IT ALL ABOUT;date;label;Pat Metheny
HERE WE GO AGAIN: CELEBRATING THE GENIUS OF RAY CHARLES;date;label;Willie Nelson , Wynton Marsalis , Norah Jones
XII;date;label;Brian Culbertson
ROCKET SCIENCE;date;label;Bela Fleck , The Flecktones
COTE D'AZUR;date;label;The Rippingtons , Russ Freeman
YOUR SONGS;date;label;Harry Connick, Jr.
THE IMAGINE PROJECT;date;label;Herbie Hancock
MUSIC IS BETTER THAN WORDS;date;label;Seth MacFarlane
STANDING ON THE ROOFTOP;date;label;Madeleine Peyroux
TIME TOGETHER;date;label;Michael Franks
S7VEN LARGE;date;label;Euge Groove
S.O.U.L.: NINA SIMONE;date;label;Nina Simone
SPLENDOR IN THE GRASS;date;label;Pink Martini
HARDCASTLE VI;date;label;Paul Hardcastle
THE LOST, FOUND;date;label;Gretchen Parlato
GUITAR MAN;date;label;George Benson
CHRISTMAS WITH THE PUPPINI SISTERS;date;label;The Puppini Sisters
JAZZMASTERS VI;date;label;Jazzmasters
THE ROAD;date;label;Keiko Matsui
DESIRE: THE ULTIMATE SEDUCTIVE ALBUM;date;label;Paul Hardcastle
LOUIS ARMSTRONG;date;label;Louis Armstrong
I FEEL YOU;date;label;Herb Alpert , Lani Hall
BRIAN WILSON REIMAGINES GERSHWIN;date;label;Brian Wilson
LOVE IS THE ANSWER;date;label;Barbra Streisand
SOPHISTICATED LADIES;date;label;Charlie Haden Quartet West
THE MOST WONDERFUL TIME OF THE YEAR;date;label;Take 6
I'M NEW HERE;date;label;Gil Scott-Heron
JASMINE;date;label;Keith Jarrett , Charlie Haden
YOUR SONGS;date;label;Harry Connick Jr.
LOVE IS THE ANSWER;date;label;Barbra Streisand
MY ONE, ONLY THRILL;date;label;Melody Gardot
HOLLYWOOD: THE DELUXE ;date;label;Michael Buble
SPLENDOR IN THE GRASS;date;label;Pink Martini
HEART, SOUL;date;label;Kenny G
THE PURSUIT;date;label;Jamie Cullum
QUIET NIGHTS;date;label;Diana Krall
CHRIS BOTTI: IN BOSTON;date;label;Chris Botti
MICHAEL BUBLE MEETS MADISON SQUARE GARDEN;date;label;Michael Buble
BRIAN WILSON REIMAGINES GERSHWIN;date;label;Brian Wilson
BACKATOWN;date;label;Trombone Shorty
SPECIAL DELIVERY ;date;label;Michael Buble
THE IMAGINE PROJECT;date;label;Herbie Hancock
COME RAIN OR COME SHINE;date;label;Peggy Lee
NIKKI;date;label;Nikki Yanofsky
CHRISTMAS JAZZ JAM;date;label;Wynton Marsalis
JASMINE;date;label;Keith Jarrett , Charlie Haden
PRESERVATION;date;label;Preservation Hall Jazz Band
XII;date;label;Brian Culbertson
YA-KA-MAY;date;label;Galactic
SUPER HITS;date;label;Kenny G
ORCHESTRION;date;label;Pat Metheny
THE GOSPEL ACCORDING TO JAZZ CHAPTER III;date;label;Kirk Whalum
CHAMBER MUSIC SOCIETY;date;label;Esperanza Spalding
NORMAL AS BLUEBERRY PIE: A TRIBUTE TO DORIS DAY;date;label;Nellie McKay
I'M NEW HERE;date;label;Gil Scott-Heron
SEND ONE YOUR LOVE;date;label;Boney James
SONGS FROM LONELY AVENUE;date;label;The Brian Setzer Orchestra
SINATRA: NEW YORK;date;label;Frank Sinatra
GOOD DAY;date;label;Peter White
JAZZMASTERS VI;date;label;Jazzmasters
SONGS, STORIES;date;label;George Benson
MIND OVER MATTER;date;label;Najee
VOCABULARIES;date;label;Bobby McFerrin
A WOMAN IN LOVE;date;label;Maysa
TWELVE NIGHTS IN HOLLYWOOD;date;label;Ella Fitzgerald
HELLO TOMORROW;date;label;Dave Koz
SENDING MY LOVE;date;label;Norman Brown
CHRISTMAS WITH SINATRA, FRIENDS;date;label;Frank Sinatra
THE COMPLETE REPRISE RECORDINGS;date;label;Francis Albert Sinatra , Antonio Carlos Jobim
COLLECTOR'S EDITION: SINATRA;date;label;Frank Sinatra
SO STRONG;date;label;Jonathan Butler
VAGABOND;date;label;Spencer Day
HIGHWAY RIDER;date;label;Brad Mehldau
QUIET NIGHTS;date;label;Diana Krall
WHAT A NIGHT! A CHRISTMAS ALBUM;date;label;Harry Connick Jr.
A SWINGIN' CHRISTMAS;date;label;Tony Bennett , The Count Basie Big Band
YOUR SONGS;date;label;Harry Connick Jr.
CHRIS BOTTI: IN BOSTON;date;label;Chris Botti
LOVE IS THE ANSWER;date;label;Barbra Streisand
SEDUCTION: SINATRA SINGS OF LOVE;date;label;Frank Sinatra
MICHAEL BUBLE MEETS MADISON SQUARE GARDEN;date;label;Michael Buble
SEND ONE YOUR LOVE;date;label;Boney James
NBC SOUNDS OF THE SEASON: THE NAT KING COLE HOLIDAY COLLECTION ;date;label;Nat King Cole
MY ONE, ONLY THRILL;date;label;Melody Gardot
LIVE AT THE MEADOWLANDS;date;label;Frank Sinatra
STILL UNFORGETTABLE;date;label;Natalie Cole
BARE BONES;date;label;Madeleine Peyroux
RHYTHM , ROMANCE;date;label;Kenny G
TWO MEN WITH THE BLUES;date;label;Willie Nelson , Wynton Marsalis
ITALIA;date;label;Chris Botti
SKYLARK;date;label;Renee Olstead
ESPERANZA;date;label;Esperanza Spalding
THE REAL THING;date;label;Vanessa Williams
ENERGY;date;label;Fourplay
MOVING FORWARD;date;label;Bernie Williams
GREATEST HITS;date;label;Dave Koz
JINGLE ALL THE WAY;date;label;Bela Fleck , The Flecktones
SONGS, STORIES;date;label;George Benson
SPLENDOR IN THE GRASS;date;label;Pink Martini
WORRISOME HEART;date;label;Melody Gardot
SPEAK LOW;date;label;Boz Scaggs
REBOUND;date;label;Wayman Tisdale
MODERN ART;date;label;The Rippingtons , Russ Freeman
THE VERY BEST OF DIANA KRALL;date;label;Diana Krall
THE LOVERS, THE DREAMERS, ME;date;label;Jane Monheit
RIVER: THE JONI LETTERS;date;label;Herbie Hancock
CHRISTMAS;date;label;Al Jarreau
CLASSIC SINATRA II;date;label;Frank Sinatra
THE BRIGHT MISSISSIPPI;date;label;Allen Toussaint
NEW BEGINNINGS;date;label;Ski Johnson
ROCK STEADY;date;label;Richard Elliot
PLAYLIST: THE VERY BEST OF KENNY G;date;label;Kenny G
SONGS FROM LONELY AVENUE;date;label;The Brian Setzer Orchestra
HARDCASTLE 5;date;label;Paul Hardcastle
BOSSA NOVA STORIES;date;label;Eliane Elias
MIND OVER MATTER;date;label;Najee
GOOD DAY;date;label;Peter White
9/11 P.M. TOWN HALL;1988;label;Johnny Griffin
A BEAUTIFUL FRIENDSHIP;1977;label;Gerry Wiggins,Wig Is
A BRIGHTER DAY;2000;label;Steve Wilson,Jill Jones
A GARLAND OF RED;1956;label;Bob Weinstock,Billy Eckstine,Dexter Gordon,Sonny Stitt,Roy Eldridge,Ben Webster,Philly Joe Jones,John Swenson,Willie L.,Hill Jr.
A HOT NIGHT IN PARIS;1999;label;Phil Collins,Doug Richeson,Ron Modell,Scott Bliege,Chris Collins
A JOURNEY (ALBUM);2015;label;Yuri Goloubev,Tim Dickeson
A NIGHT AT THE VANGUARD;1960;label;Sonny Rollins,Don Gold,Don Bronstein,Shelton Brooks,Billy Byrd,Henri Woode,Soft Winds,Duke Ellington
AFRICA (ALBUM DE PHAROAH SANDERS);1987;label;John Hicks,Curtis Lundy
ANDANDO EL TIEMPO;2016;label;Stelio Molo
THE ANTIDOTE (RONNY JORDAN);1992;label;Phillip Bent,Kevin Rutherford
ARE WE THERE YET? (ALBUM DE CARLA BLEY);1999;label;Phil Woods,Bill Bennett
AT NEWPORT '63;1963;label;Teddy Kotick,George Wein,Joe Morgen,Guy Pedersen,Duke Ellington,Wider World,Johnny Griffin
AURORA (ALBUM D'AVISHAI COHEN);2009;label;Gently Disturbed,Been So Long,Ezion Gever
BALADE DU 10 MARS;1999;label;Robert Spencer,Sigmund Romberg,Penguin UK,Johnny Griffin
BARZAKH;1991;label;Bechir Selmi,Stephen Cook
BEASTS OF NO NATION (ALBUM);1989;label;Clifford Itoje,Soji Odukogbe,Festus Okotie,Stephen Ukem,Idolo Umokoro
BEN WEBSTER MEETS OSCAR PETERSON;1959;label;Ben Webster,Ed Thigpen,Stephen Frostberg,Stephen Cook
BIG BAND THEORY;1993;label;Pete Hurt
BLOCK CHORDS PARADE;1974;label;Milt Buckner,Jo Jones,Bobby Timmons,Gerry Wiggins
BLUE AND SENTIMENTAL;1962;label;Ike Quebec,Roy Eldridge,Bud Powell,John White,Philly Joe Jones,Henry Nemo
BLUE GENE (ALBUM DE GENE AMMONS);1958;label;Bob Weinstock,Tito Puente
BLUE SERGE;1956;label;Philly Joe Jones,Huffington Post
BOSS TENOR;1960;label;Sonny Rollins,Eddie Heywood,Bill Doggett,Lucky Millinder
BOSSA NOVA SOUL SAMBA;1962;label;Ike Quebec,Roy Eldridge,Bud Powell,Willie Bobo,Shu Shu,Pedro Berrios,John White
BOSTON BLOW-UP!;1955;label;Boots Mussulli,Dick Robertson,Huffington Post
CARAVAN (ALBUM DE JO JONES);1974;label;Jo Jones,Gerry Wiggins,Milt Buckner,Joe Young,Duke Ellington
APPEARING NIGHTLY;2008;label;Billy Drummond,Hey Pete,Duke Ellington
THE CARLA BLEY BIG BAND GOES TO CHURCH;1996;label;Jerry Underwood
CARLA'S CHRISTMAS CAROLS;2009;label;John Bungey,Phil Johnson
CLIFF SMALLS (ALBUM);1978;label;Duke Ellington,Irving Mills
CONCERT IN THE GARDEN;2004;label;Ben Monder,Egberto Gismonti,Rich Perry,Chorus Ingrid Jensen,Gene Kelly,Scott Robinson,Ingrid Jensen,Keith O,George Flynn,Eliot Weinberger
CONTRASTES (ALBUM DE MARTIAL SOLAL);1999;label;Steve Loewy,Monster Piece,Jesper Riis,Henrik Bolberg Pedersen,Peter Jensen,Jim McNeely,Johnny Griffin
DAY BY DAY (ALBUM DE FEMI KUTI);2008;label;Julien Bordier
DEAR ELLA;1997;label;Sonny Burke,Duke Ellington,Bill Bennett
DINNER MUSIC;1977;label;John Hunt,Roswell Rudd
DOG WITH A ROPE;2010;label;Wilson Viveros,Robert Luis
DOWN HERE ON THE GROUND;1968;label;Nick Ceruli,Gene Orloff,George Ricci
DUPLICITY (ALBUM DE LEE KONITZ ET MARTIAL SOLAL);1978;label;Rhythm Sweet,Johnny Griffin
EASY LIVING (ALBUM D'ELLA FITZGERALD ET JOE PASS);1986;label;Rube Bloom,Billy Moll
ESCALATOR OVER THE HILL;1971;label;Bill Dixon,Keystone Korner,Sue Speeth,Don Cherry,Sherry Speeth,Roswell Rudd,Perry Robinson,Kurt Weil,Pony Soldier,Phil Minton,Steve Ferguson,Bill Roughen,Phyllis Schneider,Chris Woods,Chris Kelsey,Sgt Pepper,John S. Wilson,John Swenson
EUROPEAN EPISODE ET IMPRESSIVE ROME;1968;label;Henri Texier,Philippe Elhem,Joe Bishop,Thierry Quenum,Johnny Griffin
EUROPEAN TOUR 1977;1978;label;Hugh Hopper,Roswell Rudd
EXPLORING NEW SOUNDS IN HI-FI/STEREO;1958;label;Pop Composer,Tony Wilds
F. A LEO;2008;label;Roberto Cipelli,Luigi Tenco
THE FABULOUS SIDNEY BECHET;1951;label;Sidney Bechet,Pops Foster,Buddy Weed,Billy Higgins,Chris Smith,Ben Bernie
FANCY CHAMBER MUSIC;1998;label;Jon Benet,Steve Morris,Chris Wells
FLEUR CARNIVORE (ALBUM);1989;label;Jens Winther,Roberto Ottini,Stephen Cook
FOLLY SEEING ALL THIS;1993;label;Rick Fenn
FOUR KEYS;1979;label;John Scofield,Kenneth Knudsen,Johnny Griffin
FRIDAY NIGHT IN SAN FRANCISCO;1981;label;Egberto Gismonti,Philip Roberge,Tim Pinch,Tom Pinch
GERRY MULLIGAN - PAUL DESMOND QUARTET;1958;label;Hollywood Bowl
GERRY MULLIGAN MEETS BEN WEBSTER;1960;label;Ben Webster,Johnny Hodges,Hollywood Bowl,Duke Ellington,John S. Wilson,Chester Conn
GERRY MULLIGAN MEETS JOHNNY HODGES;1960;label;Johnny Hodges,Ken Druker,Hollis King,Ben Webster,Et Dryden,Bob Porter
GETTIN' TOGETHER! (ALBUM DE PAUL GONSALVES);1961;label;Duke Ellington,Wynton Kelly,Roll Morton
GLING-GLO;1990;label;Bjork Gudmundsdottir,Gudmundur Ingolfsson,Gudmundur Steingrimsson,Kristin Engilbertsdottir,Eirikur Eiriksson,Thorsteinn Sveinsson,Loftur Gudmundsson,Jon Sigurdsson,Ruiz Sveinsson,Help Loving,Eldon Jonsson
GUITAR MUSIC;2003;label;Rodolphe Burger,Bruno Herlin
HAPPENINGS;1967;label;Bobby Hutcherson
HIGH ENERGY;year;label;Junior Cook,Pete Christlieb
HOLIDAY IN BRAZIL;1959;label;Herb Ellis,Dick Bock,Tim Brookes,John Storm Roberts,Richie Unterberger,Morris B. Holbrook
HOME COOKIN';1961;label;Timothy O'Brien
THE INCREDIBLE JAZZ GUITAR OF WES MONTGOMERY;1960;label;Ronnie Scott,Sonny Rollins
INSIGHT (ALBUM DE MACIEK PYSZ);2013;label;Yuri Goloubev
JACO PASTORIUS (ALBUM);1976;label;Bobby Colomby,Bob Herzog,Bobby Economou,Peter Gordon
JAZZ ABSTRACTIONS;1961;label;Nesuhi Ertegun,Don Cherry,Eric Dolphy,George Duvivier
JAZZ EROTICA;1957;label;Tim Neely,Monty Budwig
JAZZ GUITAR;1957;label;Robert Gordon,Victor Schertzinger,Jerry Bock,Steve Holtje,Morris Holbrook
JAZZ PARTY;1959;label;Duke Ellington,Johnny Hodges,Seymour Simons,Fillie Trillie,Ellington Indigos,Him Bill
JOE JACKSON'S JUMPIN' JIVE;1980;label;Symphony Sid,Skeets Tolbert,Buddy Feyne,Long Must,Lucky Millinder,Nick Weldon
JUMP FOR JOY;1958;label;Duke Ellington,Bill Russo,Gene Orloff,George Ricci,Milt Hinton
JUST THE WAY YOU ARE (ALBUM);2007;label;Ve Gone,Billy Joel,Hono Winterstein,Seymour Simmons,George Benson,Gipsy Project,Bi Or,Vic Juris
JUTTA HIPP AT THE HICKORY HOUSE;1956;label;Zoot Sims,Peter Ind,Ed Thigpen
JUTTA HIPP WITH ZOOT SIMS;1956;label;Zoot Sims,Jerry Lloyd,Ed Thigpen,Wee Dot,Bob Rush,Jerry Bock,S Wonderful
KHOMSA (ALBUM);1995;label;Bechir Selmi,Jon Christensen
KNOW WHAT I MEAN ?;1961;label;Gordon Jenkins,Phil Silvers,Tony Bennett
THE LAST AMEN;1962;label;John D. Monroe,Bob Weinstock
LAURINDO ALMEIDA QUARTET FEATURING BUD SHANK;1955;label;Herb Ellis,Dick Bock,Ron Purcell,Tim Brookes,Morris B,Richie Unterberger,Josh Kun
LEE KONITZ WITH WARNE MARSH;1955;label;Nesuhi Ertegun,Buddy Rich,Lloyd Lifton,Bill Russo,Tom Dowd
LENNIE NIEHAUS VOL. 1: THE QUINTETS;1954;label;Bob Gordon,Monty Budwig
LENNIE NIEHAUS VOL. 3: THE OCTET, NDEG 2;1955;label;Rose Room,Bob Enevoldsen,Pete Jolly,Monty Budwig,John S. Wilson
LET ME OFF UPTOWN (ALBUM DE CHERYL BENTYNE);2005;label;Cheryl Bentyne,Roy Eldridge,Guido Michelone,Duke Ellington,Johnny Hodges,Benny Golson,Pete Christlieb,Bob Efford,Chris Tedesco,Bob McChesney,Rick Bonino
LIFE GOES ON (ALBUM DE CARLA BLEY);2020;label;Stelio Molo RSI,Mike Jurkovic,John Bungey
LIGHT MY FIRE (ALBUM);2011;label;Gilberto Gil,Jim Morrison,Robbie Krieger,Henry Cosby,Stevie Wonder
LIVE AT THE BERLIN JAZZ DAYS 1980;1982;label;Johnny Griffin
LOOKING FOR AMERICA;2003;label;John Scofield,Step Mother,Byron Stripling,Robert Routch,Billy Drummond,John Kenyon,Nick Spitzer,Elvis Costelo
THE LOST CHORDS;2004;label;Billy Drummond,Bobby Wellins,Bobby Timmons
THE LOST CHORDS FIND PAOLO FRESU;2007;label;Billy Drummond,Neue Zurcher Zeitung
LOVE IN US ALL;1974;label;Joe Bonner,Cecil McBee
LOVESOME THING (ALBUM D'ANAIS RENO);2021;label;Duke Ellington,Lush Life,Very Young,Sophie Elgort,Joe Ross,Stephen Mosher,Peter Quinn,Billy Stritch,Tedd Firth
LUCKY THOMPSON WITH DAVE POCHONET ALL STARS;1956;label;Lucky Thompson,Benoit Quersin,Roger Voinquel,Be Bop,Joe Young
LULLABY OF BIRDLAND (ALBUM);1952;label;Sidney Mitchell,Ginger Rogers,Duke Ellington,Tony Bennett
MIDNIGHT BLUE (ALBUM);1967;label;K Twist,Pistes Bonus,Bill English
MIDNIGHT SPECIAL (ALBUM DE JIMMY SMITH);1961;label;Del Shields,Timothy O'Brien
MINGUS AT THE BOHEMIA;1956;label;Jump Monk,Percussion Discussion,Willie Jones,Mingus Mingus Mingus Mingus Mingus,Mingus Moves,Eric Dolphy Cornell
MODERN JAZZ AU CLUB ST-GERMAIN;1956;label;Benoit Quersin,Benoit Quersin,Herb Brown
MUSIQUE MECANIQUE;1979;label;Roswell Rudd
NAVIDADES;2006;label;Luis Miguel,Whitney Houston,Bruce Dukov,Dick Smith,Joseph Mohr,Soy Como Quiero Ser
THE NEARNESS OF YOU;1958;label;Victor Schertsinger,Sigmund Romberg,Buddy G.,Mike Simpson,John Frigo,Jerry Slosberg,George Russell,Jo Jones
ONE MORE ONCE;1994;label;Chris Hunter,Chuck Loeb
OUR MAN IN PARIS;1963;label;Dexter Gordon,Bud Powell
LE PAS DU CHAT NOIR;2002;label;Chris Nickson
PATTERNS OF JAZZ;1957;label;Roy Elridge,Rolf Ericson,Jim Todd
PAUL BLEY (ALBUM);1954;label;Peter Ind,Wynton Kelly,Buddy Rich
PIANO JAZZ: MCPARTLAND/COSTELLO;2005;label;Elvis Costello,Steve Nieve,Bill Frisell
PORGY AND BESS (ALBUM D'ELLA FITZGERALD ET LOUIS ARMSTRONG);1958;label;Wid Bess,Joseph Livoti,Erno Neufeld,Robert Sushel,Tibor Zelig,Justin Di Tullio,Buddy Childers
PRES AND TEDDY;1956;label;Teddy Wilson,Jo Jones,Bill Simon,Joe Jones
PTAH, THE EL DAOUD;1970;label;Joe Henderson
PURE DESMOND;1975;label;Ed Bickert,Pete Turner
RED ALONE;1960;label;Billy Eckstine,Dexter Gordon,Sonny Stitt,Roy Eldridge,Ben Webster,Philly Joe Jones,Kirk Felton,Phil Silvers
RED GARLAND'S PIANO;1957;label;Bob Weinstock,Billy Eckstine,Dexter Gordon,Sonny Stitt,Roy Eldridge,Ben Webster,Philly Joe Jones,John Swenson
REINCARNATION OF A LOVEBIRD;1988;label;Lonnie Hillyer,Roy Eldridge,Eric Dolphy,Booker Ervin,Jo Jones,Mingus Mingus Mingus Mingus Mingus,Mingus Moves,Eric Dolphy Cornell
REVERENCE (ALBUM);2005;label;John Moses,Luisito Quintero,George Whitty
RICHIE KAMUCA QUARTET;1957;label;Joe Quinn
ROCK SWINGS;2005;label;Lionel Richie,Billy Idol
ROLLIN' WITH LEO;1980;label;Bob Porter,Bill Swindell,Purnell Rice
ROYAL FLUSH;1961;label;Billy Higgins,Joel Herron
THE SAME AS IT NEVER WAS BEFORE;2011;label;Stevie Wonder
SANS TAMBOUR NI TROMPETTE (ALBUM DE MARTIAL SOLAL);1971;label;Guy Pedersen,Johnny Griffin
SING TWICE!;2013;label;Winter Heron
SOFTLY AS A SUMMER BREEZE;1958;label;Bill Henderson,Philly Joe Jones
SONG OF THE NEW WORLD;1973;label;McCoy Tyner,Sonny Fortune,Joony Booth,Virgil Jones,Dick Griffin,Willie Ruff
SONGS FROM THE LAST CENTURY;1999;label;Victor Schertzinger,Dimitri Tiomkin,Listen Without,Twenty Five,Elton John,Toby Bourke,Whitney Houston
SOULVILLE;1957;label;Ben Webster,Herb Ellis,Duke Ellington,Phil Stern,Ediciones Folio,Stephen Cook,Ill Wind
SOUTH SIDE SOUL;1960;label;Wendell Roberts,Sin Corner
STAN GETZ WITH GUEST ARTIST LAURINDO ALMEIDA;1963;label;Herb Ellis,George Duvivier,Ike Quebec,Morris B
STAR EYES, HAMBURG 1983;1998;label;Penguin UK,Johnny Griffin
TAKE TEN;1963;label;Gene Cherico,Bob Prince,Phil Silvers
TAKING A CHANCE ON LOVE (ALBUM DE JANE MONHEIT);2004;label;Steve Genewick,Julie London,Vicente Minelli,Ted Fetter,Rob Mounsey,Joe Soldo
TERROR AND MAGNIFICENCE;1997;label;Elvis Costello,Steve Nieve,Bill Frisell
THIMAR;1998;label;Jim Bengston
THE THOMPSON FIELDS;2015;label;Scott Robinson,George Wein,Rich Perry,Steve Wilson,Mike Rodriquez,Keith O,George Flynn
THREE GUITARS IN BOSSA NOVA TIME;1963;label;Herb Ellis,Bob Enevoldsen,Julie London,Herb Brown,Johnny Frigo,Bob Neel,Ike Quebec,Morris B
TIME OUT (ALBUM);1959;label;Seth Rothstein
TROPIC APPETITES;1974;label;Julie Driscoll,Julie Tippetts,Enormous Tots
TWO OF A MIND;1962;label;Bob Prince
UP AT MINTON'S;1961;label;Georges Tucker,Henry Minton,Teddy Hill,Nick Fenton,Ron Wynn,Mr. T.,Bill Byrd,Henri Woode,Bob Porter
THE VERY BIG CARLA BLEY BAND;1991;label;Steven Bernstein
WATER FROM AN ANCIENT WELL;1985;label;Ricky Ford,Dick Griffin
WIG IS HERE;1974;label;Wig Is,Gerry Wiggins,Ed Thigpen,Stevie Wonder,Joe Cobb
WITH THESE HANDS... (ALBUM DE RANDY WESTON);1956;label;Duke Ellington,Bob Russell,Jon Hendricks
YOU AND LEE;1959;label;Duke Ellington,Sidney Keith Russell,Bob Russell,Keith Russell,Phil Sunkel,Eddie Bert,Billy Byers
ZT'S BLUES;1985;label;Bob Porter,Bert Shefter
AFTER BACH;2018;label;John Bungey
ALL OR NOTHING AT ALL;1958;label;Duke Ellington,Bob Russell,Sweets Edison,Ben Webster
ART OF LOVE: MUSIC OF MACHAUT;2009;label;Lionel Loueke,John Ellis
ASYLUM YEARS;year;label;Jerry Yester
AT MISTER KELLY'S;1958;label;Be Mine,Thou Swell,Joe Young,Poor Butterfly,John Bush
THE BIG BEAT;1960;label;Bobby Timmons
BLOWIN' THE BLUES AWAY;1959;label;Junior Cook
THE BLUES AND THE ABSTRACT TRUTH;1961;label;Bill Cunliffe,Eric Dolphy,Olivier Nelson
BOSSA ANTIGUA;1965;label;Gene Cherico
BRIDGES (ALBUM);1977;label;Tom Wilson,Enrico Fermi,Gil Scott-Heron,Joe Blocker,Stephen J
THE CALL (ALBUM DE CHARLES LLOYD);1993;label;Bobo Stenson
THE MOSAIC PROJECT;2011;label;Terri Lyne,Mimi Jones,Ingrid Jensen,Robert Hebert
CHICAGO (ALBUM);1970;label;Better End Soon,Don Young,John Berg,John Kellogg
CHICAGO XI;1977;label;Tom Likes,John Berg
CLIFFORD BROWN & MAX ROACH;1954;label;Clifford Brown,Bud Powell,Joy Spring,Duke Ellington,George Morrow,Richie Powell
DEVIL MAY CARE;1961;label;Johnny Griffin,Joe Young,Bob Dorough,Herb Ellis,Johnny Frigo,Seldon Powell,Wynton Kelly
DIPPIN';1966;label;Billy Higgins
DREAMLAND (ALBUM DES YELLOWJACKETS);1995;label;Bob Mintzer,Bobby McFerrin,Jim Newsom
DRUNK (ALBUM DE THUNDERCAT);2017;label;Kenny Loggins
THE EPIC (ALBUM);2017;label;Seth Colter,Rob Sheffield,Suzy Exposito,Jon Blistein
THE FAMOUS 1938 CARNEGIE HALL JAZZ CONCERT;1950;label;Duke Ellington,Teddy Wilson,George Koenig,Hymie Shertzer,Chris Griffin,Vernon Brown,Johnny Hodges,Loch Lomond,Dizzy Spells
FAR EAST SUITE;1967;label;Duke Ellington,Him Bill,Herbie Jones,Chuck Connor,Johnny Hodges,Rufus Jones,Ellington Indigos
FROM SPIRITUALS TO SWING;1959;label;Joe Turner,Pete Johnson,Bill Broonzy,Sonny Terry,Bessie Smith,Robert Johnson,Dicky Wells,Benny Morton,Jo Jones,Ruby Smith,Sidney Bechet,Willie Johnson,Henry Owens,Roll Morton,John Henry
THE GARY MCFARLAND ORCHESTRA (ALBUM);1963;label;Phil Woods
GETZ AU GO GO;1964;label;Go Go,Gene Cherico,Helcio Milito,Joe Hunt,John Swenson
THE HARDBOP GRANDBOP;1996;label;Ronnie Cuber
HARMONY OF DIFFERENCE;2017;label;Young Turks,Whitney Museum,Chris Woods,Steve Smith
HERE IS PHINEAS;1956;label;Nesushi Ertegun
IDLE MOMENTS;1965;label;Joe Henderson,Bobby Hutcherson
IN A METAL MOOD: NO MORE MR. NICE GUY;1997;label;Ozzy Osbourne,Holy Diver,Guns N,Mitch Holder,Bruce Dukov,Tom Scott,Pete Christlieb,Jeol Peskin,Chris Tedesco,Bruce Otto
IN A WESTERN SENSE;2003;label;El Frin
IN MEMORY OF NIKKI ARANE;1996;label;John Zorn,Rob Burger,Ben Perowsky
INDESTRUCTIBLE (ALBUM D'ART BLAKEY);1966;label;John Hicks
JAZZ IS A SPIRIT;2002;label;Jo Jones,Bob Hurst,Witch Hunt,Ron Wynn
J. R. MONTEROSE (ALBUM);1956;label;Eddie Bert,Philly Joe Jones,Buddy Rich,Enfin Monterose,Sonny Rollins,Bobbie Pin
KENNY BURRELL & JOHN COLTRANE;1963;label;Bob Weinstock,Lush Life,Duke Ellington,Sonny Rollins,Johnny Griffin,George Russell
LADY IN SATIN;1958;label;Joel Herron,George Ockner,Phil Bodner,Billy Butterfield,Milt Hinton,Osie Johnson
LEROY WALKS!;1958;label;Mort Dixon,Roy Turk
THE MAGIC TOUCH;1962;label;Joe Wilder,Jerry Dodgion,Johnny Griffin,George Duvivier,Philly Joe Jones
MODE FOR JOE;1966;label;Joe Henderson,Bobby Hutcherson
MONK'S MUSIC;1957;label;Gigi Gryce,Sonny Rollins,Criss Cross
MONTREUX '77 (ALBUM D'EDDIE DAVIS);1977;label;Jimmie Smith,John Swenson
MONTREUX '77 (ALBUM DE JOE PASS);1977;label;John Swenson
MONTREUX '77 (ALBUM D'OSCAR PETERSON);1977;label;Ted Persons,Giuseppe Pino,John Swenson
MONTREUX '77 (ALBUM DE ROY ELDRIDGE);1977;label;Roy Eldridge,Vic Dickenson,Gordon Clifford,Phil Stern,John Swenson
MY GENTLEMAN FRIEND;1961;label;Bruce Sievier,Ed Thigpen
MY SONG (ALBUM DE JOE PASS);1993;label;Bob Edmondson,Duke Ellington
NEW INCENTIVE;2007;label;Donvonte McCoy,John Hicks
NEWPORT REBELS;1961;label;Eric Dolphy,Roy Eldridge,Jo Jones,Peck Morrison
NO ROOM FOR SQUARES;1964;label;Old World,Philly Joe Jones
THE NUTCRACKER SUITE;1960;label;Duke Ellington,Willie Cook,Booty Wood,Johnny Hodges,Ellington Indigos,Him Bill
PRIDE (ALBUM DE DAVID AXELROD);1970;label;Nooney Rickett,Proud Sorrow,Richie Unterberger
RAH !;1961;label;Jon Hendricks,Joe Wilder,Wynton Kelly,George Duvivier,Ernie Wilkins,Jim Brit
RELATIVITY SUITE;1973;label;Don Cherry,John S. Wilson,Moki Cherry,John Swenson
RITUAL OF THE SAVAGE;1951;label;Busy Port,Stone God,Joel Whitburn
ROLL CALL (ALBUM DE HANK MOBLEY);1961;label;Wynton Kelly
SCIENCE FICTION (ALBUM D'ORNETTE COLEMAN);1972;label;Don Cherry,Billy Higgins
SHIRLEY BUNNIE FOY (60TH ANNIVERSARY);year;label;Bunnie Foy,Tony Scott,Lou Bennett,Thierry Scheffer
THE SINGING REED;1957;label;Johnny Frigo
SOLID (ALBUM);1979;label;McCoy Tyner,Elvin Jones,George Russell,Peter Bernstein,Sonny Rollins,Joe Henderson
SONNY CLARK QUINTETS;1976;label;Cool Struttin,Philly Joe Jones
SOUL STATION;1960;label;Roll Coll,Sonny Rollins,Split Feelin,Wynton Kelly
SQUEEZE PLAY;1956;label;John Serry,Ben Selvin,Cliff Friend,Giuseppe Verdi
STREET SIGNS;2004;label;Sheffer Bruton
SUNG HEROES;1959;label;Tony Scott,Tonny Scott,Cherry Blossoms,Shinichi Yuize
TEN FREEDOM SUMMERS;2012;label;John F. Kennedy,Lyndon B.
THESAURUS (ALBUM);1969;label;Bill Perkins,John F.,Robert F. Kennedy,Kim Richmond,Louis Ciotti,Buddy Childers,Steve Huffsteter
TO SWING OR NOT TO SWING;1956;label;Moten Swing,Bennie Moten,Buster Moten,Sonny Burke
WINTER IN AMERICA;1974;label;Silver Spring,Bobby Smith
WORKOUT (ALBUM DE HANK MOBLEY);1962;label;Uh Huh,Wynton Kelly,Philly Joe Jones
AMIR (ALBUM D'HENRI TEXIER);1976;label;Henri Texier
AN INDIAN'S WEEK;1993;label;Henri Texier,Michel Orier,Sonny Rollins
AT BARLOYD'S;2018;label;Vincent Bourgeyx,Duke Ellington,Gordon Jenkins,Gigi Gryce,Sonny Rollins,Bruno Pfeiffer
AUTOUR DE MINUIT (ALBUM);2007;label;Julie Pietri,Juste quelqu'un,Enzo Enzo,Michel Berger,Trigo Limpio
BLUESINE;1983;label;Johnny Griffin
CARNET DE ROUTES;1995;label;Henri Texier,Michel Orier,Philippe Tessier
CHANGEZ TOUT;1975;label;Michel Bernholc,Deux Vies,Eddy Mitchell
COMING YESTERDAY : LIVE AT SALLE GAVEAU 2019;2021;label;Volker Dueck,Guy Pedersen,Louis Moutin,Diego Imbert,Duke Ellington,Johnny Griffin
COMME UN MANOUCHE SANS GUITARE;2007;label;Phil Boutelje
DU CHANT A LA UNE !...;1958;label;Denis Bourgeois,Lucien Ginsburg,Smoke Gets,Evguenie Sokolov
ELECTRODE : MARTIAL SOLAL JOUE MICHEL MAGNE;1968;label;Don Cherry,Johnny Griffin
EXPLORE (ALBUM DE SIXUN);1988;label;Ouege Touist,Louis Winsberg,Peter Tolo,Dominique Borde,Jeff Rochut
EXPOSITION SANS TABLEAU;2006;label;Johnny Griffin
FACE-A-FACE (ALBUM);2006;label;Mounir Troudi
FAST MOOD;1999;label;Thierry Jousse,Johnny Griffin
FOLLOW ME (ALBUM DE JEAN-MICHEL PILC);2004;label;Vincent Josse,Johnny Hess,Sonny Rollins
FRAISE VANILLE;2007;label;Minuit Orly,Philippe Eveno,Olivier Koundouno
FRENCHY (ALBUM DE THOMAS DUTRONC);2020;label;Henri Betti,Billy Gibbons,Sidney Bechet,Tony Bennett,Rod McKuen,Jeff Goldblum,Eddy Mitchell
HAPPY REUNION;1980;label;Bud Powell,Joseph Oldenhove,Johnny Griffin
HIT (ALBUM DE BAPTISTE TROTIGNON);2014;label;Georges Kiosseff
IN AND OUT (ALBUM DE SOLAL ET GRIFFIN);2000;label;Johnny Griffin,Ben Webster,Lucky Thompson
JAZZ A GAVEAU ET CONCERT A GAVEAU VOL. 2;1962;label;Guy Pedersen,Johnny Griffin
JULIE PIETRI ET LE MUSIC ART ORCHESTRA : LIVE AU BATACLAN;2008;label;Julie Pietri,Juste quelqu'un,Enzo Enzo,Michel Berger,Trigo Limpio
JUST FRIENDS (ALBUM DE MARTIAL SOLAL);1997;label;Johnny Griffin
LIPOPETTE BAR;2006;label;Oxmo Puccino,Ludovic Bruni
LIVE AT THE VILLAGE VANGUARD (ALBUM DE SOLAL);2008;label;Focus Vif,Vincent Cotro,Bruno Pfeiffer,Philippe Elhem,Johnny Griffin
LONGITUDE (ALBUM);2007;label;Louis Moutin,Bruno Pfeiffer,Johnny Griffin
MARTIAL SOLAL - WORKS FOR PIANO AND TWO PIANOS;2015;label;Peer Gynt,Ludovic Florin,Genius Shines,Jeff Simon,Johnny Griffin
MARTIAL SOLAL DODECABAND PLAYS ELLINGTON;2007;label;Duke Ellington,George Russell,Steve Loewy,Toni Russo,Roger Guerin,Wider World,Johnny Griffin
MASTERS IN BORDEAUX ET MASTERS IN PARIS;2017;label;Sidney Bechet,Johnny Griffin,Elvin Jones,Duke Ellington
MOVABILITY;1976;label;Georg Brunner-Schwer,Willi Fruth,Kenneth Knudsen,Johnny Griffin
PORTRAIT IN BLACK AND WHITE;2000;label;Johnny Griffin
RUE DE SEINE (ALBUM DE SOLAL ET DOUGLAS);2006;label;Nic Jones,Johnny Griffin
SANS TAMBOUR NI TROMPETTE (ALBUM DE MARTIAL SOLAL);1971;label;Guy Pedersen,Johnny Griffin
SERGE GAINSBOURG NDEG4;1962;label;Smoke Gets,Evguenie Sokolov
SHARE (ALBUM DE BAPTISTE TROTIGNON);2009;label;Suite Trotignon,Duke Ellington,Otis Brown
SISYPHE (ALBUM DE PIERRE DE BETHMANN);2014;label;Vincent Cotro
SNAKES AND LADDERS;2010;label;Simon Goubert,Jef Morins,Louis Winsberg
SO EXCITED (ALBUM);2014;label;Pointer Sisters,Mitch Olivier,Lord Kossity
SOLITUDE (ALBUM);2007;label;Duke Ellington,Johnny Griffin
SONG, SONG, SONG;2012;label;Die Ruh
SUITE AFRICAINE;1999;label;Henri Texier,Michel Orier,Philippe Tessier,Soweto Sorrow
SUITE POUR UNE FRISE;1962;label;Guy Pedersen,Teddy Kotick,Johnny Griffin
TRIANGLE (ALBUM DE MARTIAL SOLAL);2007;label;Peter Erskine,Johnny Griffin
UTOPIA (ALBUM DE LEILA OLIVESI);2015;label;Yoni Zelnik,Bruno Pfeiffer,Vincent Cotrot
VARECH (ALBUM D'HENRI TEXIER);1977;label;Henri Texier
AH VIA MUSICOM;1990;label;Eric Johnson
BITCHES BREW;1970;label;Cool Boppin,Sonny Rollins
BLACK MARKET (ALBUM DE WEATHER REPORT);1976;label;Rick Ross,Chester Thompson,Mr. Gone,Domino Theory
DOMINO THEORY;1984;label;Domino Theory,Wilson Tee,Jose Rossy,Mr. Gone
DREAMLAND (ALBUM DES YELLOWJACKETS);1995;label;Bob Mintzer,Bobby McFerrin,Jim Newsom
EARTHWORKS (ALBUM);1987;label;Bill Bruford,Mick Hutton,Broke Loose,Tony Cousins,Owen Morris,Nick White,Editions EG,Chris Kelsey,Bill Bruford Online
ELECTRIC GUITARIST;1978;label;Every Eye,Stu Goldberg,Tom Coster,Tony Smith,Mike Berniker,Tono Hixon,Chris Poisson,John Swenson
ELETTER;1999;label;Robert Benko,Philippe Foch,Bob Coke,Joe Doherty
EXPLORE (ALBUM DE SIXUN);1988;label;Ouege Touist,Louis Winsberg,Peter Tolo,Dominique Borde,Jeff Rochut
FROM THE MARS HOTEL;1974;label;Robert Hunter,Robert Petersen,Loose Lucy,Bob Weir,Chuck Berry,John McFee,Phil Brown,Tom Flye,Ed Perlstein,Bruce Polonsky,Joel Selvin,Vince Welnick,Bruce Hornsby,Crimson White,Rick Griffin,Bob Heil,Steve Kimock,Rock Scully
HEAD HUNTERS;1973;label;George Benson,Victor Moscoso,Hohner D6
HEAVY WEATHER;1977;label;Mr. Gone,Domino Theory
HOT RATS;1969;label;John Guerin,Shuggie Otis,Ron Selico,Dick Kunc,Cliff Goldstein
I SING THE BODY ELECTRIC (ALBUM);1972;label;Unknown Soldier,Roger Powell,Mr. Gone,Domino Theory
IMAFA;1998;label;Joe Doherty,Bob Coke,Philippe Foch,Thierry Jousse
JOHN BARLEYCORN MUST DIE;1970;label;Steve Winwood,Guy Stevens,Chris Wood
LAST EXIT (ALBUM DE TRAFFIC);1969;label;Steve Winwood,Chris Wood,Joseph Scott
LIQUID TENSION EXPERIMENT 2;1999;label;John Petrucci,Mike Portnoy
MR. GONE;1978;label;Mr. Gone,Peter Erskine,Jon Lucien,Domino Theory
MYSTERIOUS TRAVELLER;1974;label;Cucumber Slumber,Mr. Gone,Domino Theory
NIGHT PASSAGE;1980;label;Duke Ellington,Bob Mintzer,Peter Erskine,Mr. Gone,Domino Theory
OMEKO;1998;label;Joe Doherty,Philippe Foch,Thierry Jousse
PRIDE (ALBUM DE DAVID AXELROD);1970;label;Nooney Rickett,Proud Sorrow,Richie Unterberger
PROCESSION (ALBUM);1983;label;Domino Theory,Peter Erskine,George Benson,Jose Rossy,Mr. Gone
THE RAINBOW GOBLINS;1981;label;Shigeru Inoue
SEXTANT (ALBUM);1973;label;Eddie Henderson
THE SPIN;1989;label;Jim Bengston
SPORTIN' LIFE (ALBUM DE WEATHER REPORT);1985;label;Domino Theory,Bobby McFerrin,Mino Cinelu,Mino Cinelu,Mr. Gone
SUDDENLY (ALBUM DE MARCUS MILLER);1983;label;Yogi Horton,Nicky Moroch
THE SUN DON'T LIE;1993;label;Steve Thornton,Poogie Bell,Steve Ferrone
SWEETNIGHTER;1973;label;Bob Belden,Mr. Gone,Domino Theory
TALE SPINNIN';1975;label;Mr. Gone,Domino Theory
TALES (ALBUM);1995;label;Duke Ellington,Stevie Wonder,Rush Over
THIS IS THIS!;1986;label;Mino Cinelu,Peter Erskine,Mr. Gone,Domino Theory
THUNDER (ALBUM DE SMV);year;label;Victor Wooten,Lopsy Lu,Silly Putty
TIME AGAIN;2003;label;Stevie Wonder,Ricky Peterson,Gil Goldstein
WEATHER REPORT (ALBUM, 1982);1982;label;Peter Erskine,Mr. Gone,Domino Theory
WINTER IN AMERICA;1974;label;Silver Spring,Bobby Smith
BEACH SAMBA;1967;label;Sidney Keith Russell,Keith Russell,Pery Ribeiro,Steve Boone,George Ricci,Tony Studd,George Ockner,Gene Orloff,Phil Bodner,Seldon Powell,Richie Unterberger
BIG BAND BOSSA NOVA;1962;label;Quincy Jones,Jon Hendricks,Bobby Scott,Phil Woods,Chris White,Terri Tierney
BOSSA ANTIGUA;1965;label;Gene Cherico
BOSSA NOVA (ALBUM DE PAULINE CROZE);2016;label;Tom Jobim,Orfeu Negro
BOSSA NOVA SOUL SAMBA;1962;label;Ike Quebec,Roy Eldridge,Bud Powell,Willie Bobo,Shu Shu,Pedro Berrios,John White
CHAMBRE AVEC VUE (ALBUM);2000;label;Monsieur Henri,Michel Modo
CHEGA DE SAUDADE (ALBUM);1959;label;Bim Bom,Bene Nunes
COEUR VAGABOND - CORACAO VAGABUNDO;2005;label;Tom Jobim,Michel Modo
THE COMPOSER OF DESAFINADO PLAYS;1963;label;Pete Welding,Jon Hendricks,George Duvivier
DEZ ANOS DEPOIS;1971;label;Tom Jobim
DOIS QUARTOS;2006;label;Jorge Vercilo,Vicki Miskolczy,Stephen Erodody,Kevin Connolly,Luis Brito,Robin Olson,Jerry Burgos
DOUBLE RAINBOW: THE MUSIC OF ANTONIO CARLOS JOBIM;1995;label;Joe Henderson,Tom Jobim,Orfeu Negro,Mr. Jobim,Jon Hendricks,Joel Moss,Lush Life,Johnny C
ELIS & TOM;1974;label;Tom Jobim
FRANCIS ALBERT SINATRA & ANTONIO CARLOS JOBIM;1967;label;Sonny Burke
GETZ AU GO GO;1964;label;Go Go,Gene Cherico,Helcio Milito,Joe Hunt,John Swenson
HERB ALPERT PRESENTS SERGIO MENDES & BRASIL '66;1966;label;Bruce Botnick,Peter Whorf,Jorge Ben,Tim Dom Dom,Julius Wechter,Bob Weinstein
JAZZ SAMBA;1962;label;Luxo So
JOAO GILBERTO (ALBUM, 1961);1961;label;Bim Bom,Jon Hendricks
LIGHT MY FIRE (ALBUM);2011;label;Gilberto Gil,Jim Morrison,Robbie Krieger,Henry Cosby,Stevie Wonder
NARA (ALBUM);1964;label;Edu Lobo,O Morro
STAN GETZ WITH GUEST ARTIST LAURINDO ALMEIDA;1963;label;Herb Ellis,George Duvivier,Ike Quebec,Morris B
TANTO TEMPO;2000;label;Bebel Gilberto,Gilberto Gil,Dinho Ouro,Jorge Ceruto,Luis Do Monte,Jorge Helder
THREE GUITARS IN BOSSA NOVA TIME;1963;label;Herb Ellis,Bob Enevoldsen,Julie London,Herb Brown,Johnny Frigo,Bob Neel,Ike Quebec,Morris B
TIMELESS (ALBUM DE SERGIO MENDES);2006;label;Jorge Ben,Stevie Wonder,Jill Scott,Gilberto Gil
WAVE (ALBUM D'ANTONIO CARLOS JOBIM);1967;label;Mr. Jobim,Pete Turner,Joseph Singer,Julius Held,Gene Orloff,George Ricci
