Repeat;2016;;Caballero, JeanJass
BCN;2015;;Caballero, Sima, Ysha, F.L.O, Senamo
Yessaï;2016;;Caballero, JeanJass
Merci Beaucoup;2016;;Caballero, JeanJass
Les yeux fermés;2016;;Caballero, JeanJass, Lomepal
Toujours les mêmes;2018;;Caballero, JeanJass, Krisy
Un Cadeau;2020;;Caballero, JeanJass, Roméo Elvis, Slimka
Sur mon nom;2017;;Caballero, JeanJass
On est haut;2017;;Caballero, JeanJass
Tu connais pas;2018;;Caballero, JeanJass
Clonez-moi;2019;;Caballero, JeanJass
L'Amérique;2019;;Caballero, JeanJass
Dégueulasse;2019;;Caballero, JeanJass
La paire;2019;;Caballero, JeanJass
Challenge;2019;;Caballero, JeanJass
Demain;2020;;Caballero, JeanJass
Bruxelles arrives;2016;;Caballero, Roméo Elvis
Lotus Bleu;2013;;Roméo Elvis, ODC
Mon voisin;2013;;Roméo Elvis, ODC
Deuxième Ombre;2015;;Roméo Elvis, Primero
Présidentielles;2015;;Roméo Elvis, Primero
Dobberman;2015;;Roméo Elvis, Stikstof
Mouton Noir;2016;;Roméo Elvis, ODC, Original Flow Mastaz
Souvent;2016;;Phasm, Roméo Elvis
Vrai ou faux;2017;;Roméo Elvis, Caballero, JeanJass
Apollo;2017;;Roméo Elvis, ODC
Billet;2017;;Lomepal, Roméo Elvis
Carrière;2017;;Roméo Elvis, The Alchemist
Hit Sale;2017;;Roméo Elvis, Therapie Taxi
Acid;2017;;Roméo Elvis, Ulysse
Low & Lowgish;2017;;Roméo Elvis, Zwangere Guy
Incroyaux;2018;;Roméo Elvis, Caballero, JeanJass
Ride;2018;;Roméo Elvis, Di-Meh
On and On;2018;;Roméo Elvis, Her, Annen May Kantereit
La Sape;2018;;Roméo Elvis, Le 77
Ouais Bébé;2018;;Myth Syzer, Roméo Elvis
C'est mon boulot;2018;;Senamo, Roméo Elvis
Crazy Horse;2018;;Slimka, Roméo Elvis, Makala
1000°C;2018;;Lomepal, Roméo Elvis
Tout oublier;2018;;Angèle, Roméo Elvis
Laisser partir;2018;;Roméo Elvis, Black Box Revelation
Flex;2018;;Lord Gasmique, Roméo Elvis
Vrai ;2018;;ODC, Roméo Elvis
Signals;2019;;Todiefor, SHOEBA, Roméo Elvis
Ca pourrait être toi;2019;;F.L.O, Roméo Elvis, Isha
Paranoïa / Hood;2019;;D.A.V, Roméo Elvis
Jamais;2019;;Alkpote, Roméo Elvis
Ô mon amour;2020;;Tessa B., Roméo Elvis
Pinnochio;2015;;Booba, Gato Da Bato, Damso
Slow;2016;;Hamza, Damso
Ivre;2017;;Benash, Shay, Damso
Vitrine;2017;;Vald, Damso
Mobali;2017;;Siboy, Benash, Damso
Mwaka Moon;2017;;Kalash, Damso
Noche;2017;;Lacrim, Damso
113;2017;;Booba, Damso
Rêves Bizarres;2018;;Damso, Orelsan
RVRE;2018;;Damso, 404Billy
Tricheur;2019;;Nekfeu, Damso
Robe;2019;;Damso, Dadju
God Bless;2019;;Damso, Hamza
Personne;2019;;Damso, Vegedream
Parovie;2019;;Damso, D.A.V
Soliterrien;2019;;Ikaz boi, Damso
JTC/Praliné;2019;;Kalash, Damso
Promo;2020;;Ninho, Damso
But en Or;2020;;Kalash, Damso
Best;2020;;Damso, Innoss'b
Curella;2011;;Booba, Shay
Guerrier;2017;;Fally Ipupa, Shay
Too Good to you;2017;;Danny Synthé, Shay, Davido
Pim pom;2018;;Jul, Shay
No Limit;2016;;Alkpote, Hamza
High;2016;;Ikaz boi, Myth Syzer, Hamza
Comme des sauvages;2016;;Seth Gueko, Hamza
Arnaques crimes & botaniques;2016;;Hamza, Za
Hooligan;2016;;Hamza, DTWEEZER
Hola;2017;;Hamza, Cheu-B
Marquises;2017;;Hamza, Disiz
Focus;2017;;Hamza, KC Rebell, Summer Cem
Sans toi;2018;;Hamza, Myth Syzer
Bae;2018;;Hamza, Caballero, JeanJass
Jeep;2018;;Hamza, Myth Syzer
Feloos;2019;;Hamza, Jaegen, Ramriddlz
Maghreb Gang;2019;;French Montana, Khaled, Hamza
B!tch;2020;;Hamza, Josman
Nuit blanche;2020;;Hamza, Rim'K
Pilote;2020;;PLK, Hamza
Comme jamais;2020;;Hamza, Zed
Laisse moi;2020;;Hamza, Lous and the Yakuza
BXL Zoo;2020;;Hamza, Damso
Drill FR 5;2020;;Hamza, Gazo
Benzo;2020;;Hamza, Leto, Rim'K
Bad Boy;2020;;Isha, Green Montana
Tout gâcher;2020;;Green Montana, Booba
Nouvelle donne;2013;;Caballero, JeanJass, Caballero, Seven
Le Singe Fume Sa Cigarette;2013;;Nekfeu, Alpha Wann, Walter, Kéroué, Seven, Ysha, Senamo, Lomepal
A ce soir;2013;;JeanJass, Vidjii, L'Essayiste, Lomepal
Profondeurs;2013;;Caballero
Qu'est-ce que tu nous proposes ?;2013;;Caballero, Alpha Wann, Ysha
Vivre en Enfer;2014;;Caballero, Raf, Seyté, JeanJass, Phalo Pantoja
Excusez-moi;2014;;Nem, Seyté, Lomepal, Seven, Senamo
A reculons;2014;;JeanJass, Patee Gee
Fait pour ça;2014;;JeanJass, Fixpen Sill
Disconnect;2016;;JeanJass, Seven
Chill & Ride;2016;;JeanJass, Caballero, Seven
Le salon de l'auto;2017;;Isha, JeanJass
Aïe aïe aïe;2017;;Caballero, JeanJass, Fixpen Sill
Ninjas et gargouilles;2018;;Caballero, JeanJass, Alkpote
Tosma;2018;;Caballero, JeanJass, Isha
Cool Kids;2018;;Caballero, JeanJass, Todiefor
Clark Kent;2018;;Caballero, JeanJass, Inifinit'
CQJVD;2018;;Caballero, JeanJass, Obia le Chef
Ca va bien s'passer;2018;;JeanJass, Flynt
X-Men;2018;;JeanJass, Lomepal
Eazy;2019;;Senamo, JeanJass
Power Rangers;2019;;Ico, Lorenzo
Siri 2;2018;;Ico, Caballero, JeanJass
Tout s'arrête;2020;;Ico, Caballero, JeanJass
Clope sur la lune;2018;;Scylla, Isha, Sofiane Pamart
Animal nocture;2019;;Scylla, Lonepsi
Sales mômes;2020;;Furax Barbarossa, Scylla
Smooth;2015;;Peet, Roméo Elvis
Rêves;2020;;Peet, Zwangere Guy
Onbeschrijfelijk;2021;;Zwangere Guy, Ramzi, Freddie Konings
Kuneditdoen;2020;;Roméo Elvis, Zwangere Guy
Verbal Glock;2019;;Blu Samu, Félé Flingue
Nathy;2019;;Blu Samu, Peet
Bawlerangers;2018;;Le 77, Zwangere Guy, Blu Samu
Vice City;2017;;Le 77, Swing
TLJ;2019;;Phasm, Absolem, Swing
Noir sur blanc;2020;;Frenetik, Sofiane Pamart
Paris-BX;2020;;Nahir, Frenetik
ICI C BXL;2020;;Zwangere Guy, Frenetik
Fally Ipupa;2020;;Zwangere Guy, Konings
S'en aller;2020;;Swing, Angèle
Soon;2020;;Swing, Dune & Crayon
Heracles;2018;;Moka Boka, Swing
Dans la pièce;2020;;James Baker, Moka Boka
A qui l'honneur;2020;;Ténéré, Moka Boka
Nos gènes;2020;;ODC, Isha
Nulle part;2015;;ODC, Roméo Elvis
Costards et pièces jaunes;2015;;ODC, Roméo Elvis
Mellowman;2015;;ODC, Taïmon
BX Vibes Remix;2009;;Scylla, Convok, B-Lel, 13Hor, Kaz Robio, Sidéral, Za, Isha, Rival, Gandhi
Une maman qui pleure;2020;;Isha, Jok'Air, Key Largo
Starting Block;2020;;Limsa D'Aulnay, Isha
Ca m'arrange;2020;;Limsa D'Aulnay, JeanJass
Idole;2020;;Isha, Dinos
243 Mafia;2019;;Isha, Makala
Dans mon élément;2019;;Isha, Georgio
High Level;2018;;Convok, Mistral
Pistrol Pete;2020;;Convok, Fak
Real;2018;;Damso, Krisy
2003;2017;;Blu Samu, Luie Louis
Saus;2020;;Luie Louis, Driezy Bliezy
Time;2020;;Absolem, Venlo, Slÿ
MMTMPS;2019;;Venlo, JeanJass
Regarde;2021;;Venlo, Caballero
Emeute;2019;;Venlo, Sheldon
Cheatcode;2020;;Phasm, KRIMI
Ma track;2020;;Phasm, Convok, Mattrach
De plug;2019;;Phasm, KRIMI
Poumon D'or;2020;;Senamo, Caballero, JeanJass
Le temps s'arrête;2013;;Senamo, Lomepal
Vous êtiez où ?;2013;;Senamo, V.I.K, Neshga
Dans ses yeux;2017;;Senamo, Seyté
Voyage;2016;;Senamo, Neshga
Liquide;2020;;Shay, Niska
Petit Papillon;2018;;Ico, Iousra
Dale X Love Therapy;2019;;Hamza, Aya Nakamura
HS;2019;;Hamza, SCH
Minuit 13;2019;;Hamza, Oxmo Puccino, Christine and the Queens
Sennes;2015;;Senamo, Neshga
Roi des pirates;2014;;Neshga, Sideral
Night;2019;;Senamo, Neshga
ALZ;2019;;Peet, Le Dé
Cuba Move;2020;;Krisy, Darrell Cole, K1D
Blessed;2019;;Dvtch Norris, Yann Gaudeuille
Save Us;2020;;Dvtch Norris, Rori
Thoothpick;2019;;Dvtch Norris, Bhavi
Magic Carpet;2019;;Dvtch Norris, Coely
Tokio Drift;2018;;Woodie Smalls, K1D
Bad;2020;;Woodie Smalls, Coely
REEFA;2018;;Woodie Smalls, K1D
Don't care;2016;;Coely, Dvtch Norris
Je ne sais pas;2021;;Lous and the Yakuza, Sfera Ebbasta
Amigo;2020;;Lous and the Yakuza, Joey Badass
Remords;2021;;Peet, Morgan
2 Sens ;2021;;Peet, Swing
Cœur en miettes;2020;;Damso, Lous and the Yakuza
Fais ça bein;2020;;Damso, Fally Ipupa
Silence;2018;;Damso, Angèle
Peur d'être père;2017;;Damso, Youri
Don't Tell;2021;;Hamza, Headie One
Spaghetti;2021;;Hamza, Gazo, Guy2Bezbar
Hara-Kiri;2021;;Hamza, Kaaris
Benzo;2019;;Hamza, Young Adz
Gasolina;2019;;Hamza, Gambi
Bac +12;2019;;Hamza, Koba LaD
Kid Buu;2020;;Senamo, Neshga
Pause;2020;;Senamo, James Deano
Ghostland;2020;;Senamo, Ruskov
Toujours la même;2018;;Senamo, Youv Dee
Dans le vide;2018;;Senamo, Rob-D
L'exutoire;2017;;Senamo, F.L.O., Seyté
E-a-O & a-O-i;2017;;Senamo, K-Otic
Killodream;2017;;Senamo, Rizla, Shawn-H
Les MC's émmechés;2017;;Senamo, Thibaut
Laisser ma trace;2020;;Seyté, Rizla
Yesterday;2020;;Seyté, El Chileno
Pour pas que BX m'oublie;2014;;Seyté, El Chileno, Caballero
Maintenant ou jamais;2017;;Youssef Swatt's, Demi Portion
Le temps passe;2017;;Youssef Swatt's, Seyté
Passion néé;2017;;Youssef Swatt's, L'Hexaler
Avalanche;2017;;Youssef Swatt's, P-Pito, Béni
Cauchemar éveillé;2017;;Youssef Swatt's, Lacraps
S'il suffisait;2020;;Youssef Swatt's, Maleck
Remplis le sac;2020;;Youssef Swatt's, Maydo
Intro;2020;;L'Hexaler, Scylla
Tu croyais quoi;2020;;L'Hexaler, Karib, Spyko
Chez nous;2020;;L'Hexaler, B4100
Esprit de revanchard;2020;;L'Hexaler, Scylla
Je m'occuper de sa veuve;2020;;L'Hexaler, Aks, Kams
Méfie toi de l'eau qui dort;2020;;L'Hexaler, Lpm, Mariem
Dans un sale état;2020;;L'Hexaler, Dazer, Convok
La reezla;2020;;L'Hexaler, Aks
Ma rage de vaince;2020;;L'Hexaler, Osire
A la recherche d'un juste milieu;2020;;L'Hexaler, Masta Pi
Si je leur disais;2020;;L'Hexaler, Spyko
Fais les fils;2019;;L'Hexaler, Convok
Au bout des choses;2019;;L'Hexaler, Pandamano
J'ai trouvé ma place;2019;;L'Hexaler, Youssef Swatt's, Demi Portion
Que la vie soit louée;2019;;L'Hexaler, James Deano, Monotof
Le vent souffle;2018;;L'Hexaler, Youssef Swatt's, Scylla, Furax Barbarossa
Les cœurs gelés;2018;;L'Hexaler, Métissa
La mythologie au microphone;2018;;L'Hexaler, Abrazif
Un morceau de mon âme;2018;;L'Hexaler, Lacraps
Chill;2018;;L'Hexaler, Melfiano, FAK, Reeno
Sans exceptions;2008;;James Deano, Diams
Intro;2020;;Convok, KO-Neckst
Tauliers;2020;;Convok, Phasm, Lord Gasmique
J'plâne comme jamais;2020;;Convok, Yarap's
Correction;2020;;Convok, Kava
Du buzz dans les épinards;2020;;Convok, Pensativo
Savane;2020;;Convok, Fakir
Neuken in de keuken;2020;;Convok, Berry, KRIMI
Survivants;2020;;Convok, Roméo Elvis
Cabine;2020;;Convok, Venlo
Ca ne date pas d'hier;2017;;Convok, B-Lel
Cheatcode;2020;;Phasm, KRIMI
Change d'ami;2020;;Phasm, STR
Nihilisme;2020;;Phasm, Lord Gasmique
Heinz;2020;;Phasm, K1D
Médaille de bronze;2020;;Phasm, Yarap's
Ensemble;2020;;Phasm, Deuf, Nacho Laflemme
Gas;2020;;Phasm, OD Temper
Camé;2020;;Phasm, Petit Bison
QL$;2020;;Phasm, KRIMI, JAY MING
Oh sh!t;2020;;Phasm, Eddy Ape
Bedank Me Later;2020;;Phasm, KRIMI
Candy;2020;;Phasm, Berry
QDL;2019;;Phasm, Ypsos
Comment te le dire;2019;;Phasm, Peet
Alakazam;2019;;Phasm, JAY MING
Balle dans l'crâne 2;2019;;Phasm, Absolem, Venlo
Génération;2019;;Phasm, Duff
Biscotti;2019;;Phasm, Berry
Lâcher du lest;2019;;Phasm, Mia Lena
Séduction ;2019;;Phasm, KRIMI
God Bless;2019;;Phasm, KRIMI
AEA;2019;;Phasm, Yogen
Immortels;2019;;Phasm, Convok
Pression;2017;;Hesytap Squad, Roméo Elvis
Paradisiaque;2017;;Hesytap Squad, Primero
Deuxième chance;2017;;Hesytap Squad, Venlo
Fuck;2021;;Venlo, Absolem
Monuments;2018;;Venlo, Absolem
La même en mieux;2018;;Venlo, Le Dé
Black Ops;2020;;Absolem, JeanJass, Slimka
Ca saigne;2020;;Absolem, Assy
Wahdafuck;2020;;Absolem, Small-X
97;2020;;Absolem, SelaSToutSeul, Tonton Chami
Foktop;2018;;Absolem, Venlo
Fuck Practice;2020;;K1D, Mama
Juicy;2020;;K1D, Mama
Check;2019;;K1D, Bhavi, Krisy
Airplane Mode;2018;;K1D, Lordesteezus
Yoshi;2018;;K1D, Woodie Smalls
Fiji Water;2018;;K1D, Woodie Smalls
Générique;2020;;Lobo El, Le Dé
Au bout du monde;2019;;Rizla, Seyté
Arriba;2021;;Caballero, PLK
Blanco;2021;;Caballero, Luv Resval
Berkane;2021;;JeanJass, Nemir
Mains qui prient;2021;;JeanJass, Akhenaton
Chialer;2021;;Damso, YG Pablo
10K;2021;;Caballero, M Le Maudit
Drippin;2021;;Isha, Golgoth
Sable;2021;;ODC, Lous and the Yakuza
Banane;2021;;ODC, Roméo Elvis, Caballero, Zwangere Guy
Pollen;2021;;ODC, Roméo Elvis
Evolution;2018;;Moka Boka, M.A.T.T.R.
OWAW;2021;;Caballero, Geeeko, La Miellerie
COUVRE FEU;2021;;Geeeko, Frenetik, YG Pablo
Block;2020;;Geeeko, YG Pablo
Mastodonte;2020;;Geeeko, Chanceko
Aimer tue;2020;;Geeeko, Squidji
EHFE;2020;;Geeeko, Benjay
Rooftop;2020;;Geeeko, Frenetik
3AM IN BXL;2020;;Geeeko, Yung Mavu
Elle m'a dit;2021;;Hamza, Ninho
33% (Chargeur vide);2021;;Frenetik, 404Billy
Loterie;2006;;Akro, Rejane Magloire
Elle veut;2006;;Akro, Roldan
A La Lettre;2006;;Akro, Buckshot, Steele
L'Enfant Caché;2006;;Akro, Kure
Pires Sont Ceux;2006;;Akro, Christa
Jardins Suspendus;2006;;Akro, Sandrine Collard
L'Equipe;2006;;Akro, Starflam
Consanguin;2006;;Akro, James Deano, M.A.X., Sly Dee, Bienvenu
Evidemment;2021;;Green Montana, SDM
L'Amour Suze;2003;;Starflam, Arno
Brownsville 2 Tox City;2005;;Starflam, Bootcamp Click
Ils ne savent pas;2005;;Starflam, Reggie
Marseille-Liège;2005;;Starflam, Le Rat Luciano
Situe;2005;;Starflam, Christa
En alerte;2005;;Starflam, Buckshot
L'Envers du décor;2005;;Starflam, Christa
Dans la spirale;2005;;Starflam, Arsenik
Illusions;2005;;Starflam, Lyricson
Manque de vrai;2005;;Starflam, Roldan
Anti-Statik;2005;;Starflam, Filip Kowlier
Graffitti Music;2005;;Starflam, Profecy
T'sais bien;2005;;Starflam, MC Jean Gab'1
Manque De Vrai;2005;;Starflam, Soprano
On fait du rap;2014;;Mochélan, Pascal Creac'h
J'veux bien;2014;;Mochélan, Barabas
Le taf est frais;2014;;Mochélan, Pierre Spataro
Malhonnête;2019;;Scylla, YL
Fauves;2019;;Scylla, Jones Cruipy
Chopin;2017;;Scylla, Furax, Barbarossa, B-Lel
Esprit fraternels;2017;;Scylla, B-Lel
Sauvage;2019;;Scylla, RIVE
iRobot;2019;;Scylla, ODC
Sakura;2019;;Scylla, Lord Esperanza
Dernier voyage;2019;;Scylla, RIVE
Erreurs génétiques;2013;;Scylla, Furax, Barbarossa
Coupables;2013;;Scylla, R.E.D.K., Tunisiano
Tranquille;2017;;Soufiane Eddyani, Ali B
Karima;2018;;Soufiane Eddyani, Clandistino, Oualid
Amsterdam Marrakech;2018;;Soufiane Eddyani, Ali B, Chawki, Brahim Darri
Amigo;2019;;Soufiane Eddyani, Mula B
ALONE;2021;;Moji x Sboy, Geeeko
2x GOAT;2021;;Caballero, JeanJass
Réel;2021;;Hamza, Zed
Broccoli;2017;;Hamza, Dolfa
Seythérapie;2013;;Seyté, Kotik
La balade;2013;;Seyté, Daklik, Kosta
Vieux tabac;2013;;Seyté, Caballero
Les verrous du son;2013;;Seyté, Rizla
Intro;2014;;Seyté, El Chileno
Le blues;2012;;Rizla, Caballero, Ysha
Pour qui pourquoi;2012;;Rizla, Julius
Fais pour ça;2012;;Rizla, La Smala
Sans dessus dessous;2012;;Rizla, Crack Murphy
Loin d'une optique;2012;;Rizla, Koby, Zedou
Salzil;2019;;Le 77, Blu Samu
Graham;2018;;Le 77, Blu Samu
1000 Milligram;2018;;Stikstof, Brihang
metro boulot dodo;2016;;Brihang, D. Meeuws
verse lakens;2016;;Brihang, Ntrek
Alles Draait;2016;;Brihang, Ntrek
Volgens Veugels 2.0;2013;;Brihang, Cfour
Ow Foutje;2013;;Brihang, Walter Ego
Lichaam;2013;;Brihang, Ntrek
BXL Finest;2017;;Zwangere Guy, Paternoster
Wrap remix;2017;;Zwangere Guy, Peet
Dandy;2017;;Zwangere Guy, Jazz, Crapulax
Tijdelijk;2017;;Zwangere Guy, Onze Zaak
Tourette;2017;;Zwangere Guy, Le 77
Tyler Durden;2017;;Zwangere Guy, Primero
Mec man bro;2019;;Zwangere Guy, Peet
BX By Night;2019;;Zwangere Guy, Peet
Guy Funk;2019;;Zwangere Guy, Selah Sue, Darell Cole
Kérosène;2019;;Zwangere Guy, Fele Flingue
Mershedeiz;2019;;Zwangere Guy, Blu Samu
Foutu;2019;;Zwangere Guy, $KEER&BOO$, Peet, Nag
Brede Jongens;2019;;Zwangere Guy, Jazz, Berry
Caravane;2018;;Isha, Zwangere Guy
Matin;2020;;Morgan, Peet
Seizoen;2020;;Berry, RonnyHuana
FDP;2020;;Berry, Krimi
Pelgrim;2020;;Berry, Tusais
Scherp;2020;;Berry, $KEER&BOO$
Scottie Pippen;2020;;Berry, Jazz
Horror;2020;;Berry, $KEER&BOO$, Jenesaispas
Spliffblazer;2020;;Berry, RonnyHuana
Voor de Art;2020;;Berry, Zwangere Guy
Stemmen in M'n Hoofd;2020;;Berry, Krimi, Berrykrimi
Real Ones Only;2020;;Berry, Vinci
Tot de Dood;2019;;Berry, $KEER&BOO$, RonnyHuana, Zwangere Guy, Jazz, Eijer
Ben Je Cracky Ofzo;2019;;RonnyHuana, Haddadi
Geleen Tot in Anvers;2019;;RonnyHuana, Haddadi, $KEER&BOO$
Get Loes Get Booze;2019;;RonnyHuana, Haddadi
Doordraaien;2019;;RonnyHuana, Dmt
Off the Rails;2019;;RonnyHuana, Dmt
Nog Steeds;2019;;RonnyHuana, Berry, Phasm
Ik Wil Hier Weg;2019;;RonnyHuana, Jenesaispas, Krimi
Onmisbaar;2019;;RonnyHuana, Berry
Zero Drie;2019;;RonnyHuana, Bird, Jenesaispas
Viergevouwen;2019;;RonnyHuana, Jay Mng
Safe in de Bergen;2019;;RonnyHuana, Doeter
Hypnose;2019;;RonnyHuana, Jenesaispas, Cloos
Keep It Oldschool;2019;;RonnyHuana, Berry, Cloos, Jenesaispas
Waz de Deal;2019;;RonnyHuana, Alois, VLB
Overdose;2019;;RonnyHuana, Luie Louis, Jenesaispas
Botsen;2020;;RonnyHuana, Zwangere Guy
Stress Voor Een Donnie;2020;;RonnyHuana, Berry
Los Als Ons;2020;;RonnyHuana, Hvddadi
Kutmuziek;2020;;RonnyHuana, Jenesaispas, Krimi
Bla-bla-bla;2020;;Caballero, JeanJass, Julien Doré
Darknet;2020;;Sham Lepire, Krimi, Jay Mng, Absolem
Gimmick;2020;;Isha, La Miellerie, Nixon
